,id,name,start_date_local,type,distance,elapsed_time,moving_time,total_elevation_gain,kudos_count,average_speed,max_speed,average_heartrate,max_heartrate,average_cadence
0,8149544905,UT2,2022-11-21T16:50:45Z,Rowing,0.0,3764,3764,0,7,0.0,0.0,155.2,163.0,20.1
1,8148160495,Morning Weight Training,2022-11-21T09:48:02Z,WeightTraining,0.0,4692,4692,0,3,0.0,0.0,123.0,165.0,0
2,8145519110,UT2,2022-11-20T15:30:36Z,Rowing,0.0,3801,3801,0,5,0.0,0.0,152.7,158.0,20.2
3,8144095910,Morning Weight Training,2022-11-20T10:54:04Z,WeightTraining,0.0,5176,5176,0,3,0.0,0.0,145.2,186.0,0
4,8138732258,2x10‚Äô UT1,2022-11-19T10:57:22Z,Rowing,0.0,1324,1324,0,3,0.0,0.0,181.7,196.0,24.4
5,8131263746,UT2,2022-11-17T15:31:21Z,Ride,0.0,3601,3601,0,5,0.0,0.0,150.9,161.0,0
6,8129580105,Morning Weight Training,2022-11-17T07:17:49Z,WeightTraining,0.0,4252,4252,0,4,0.0,0.0,128.9,168.0,0
7,8127499799,Afternoon Weight Training,2022-11-16T17:44:27Z,WeightTraining,0.0,4682,4682,0,5,0.0,0.0,140.5,185.0,0
8,8122839966,3x10‚Äô UT1,2022-11-15T18:30:14Z,Rowing,0.0,2044,2044,0,3,0.0,0.0,179.1,194.0,20.4
9,8118176235,UT2,2022-11-14T18:23:54Z,Rowing,0.0,3765,3765,0,6,0.0,0.0,152.2,162.0,20.1
10,8101043839,Morning Weight Training,2022-11-11T10:12:57Z,WeightTraining,0.0,4750,4750,0,5,0.0,0.0,138.2,186.0,0
11,8088320315,UT2,2022-11-08T17:33:10Z,Rowing,0.0,3777,3777,0,6,0.0,0.0,150.5,157.0,20.0
12,8085689248,Morning Weight Training,2022-11-08T06:54:06Z,WeightTraining,0.0,4550,4550,0,5,0.0,0.0,135.1,178.0,0
13,8083384137,3x2k @22/24/26 r6‚Äô,2022-11-07T18:01:54Z,Rowing,0.0,2169,2169,0,0,0.0,0.0,161.9,192.0,24.0
14,8080935752,Morning Weight Training,2022-11-07T06:52:30Z,WeightTraining,0.0,4517,4517,0,4,0.0,0.0,123.5,169.0,0
15,8075998877,UT2,2022-11-06T09:22:25Z,Rowing,0.0,3492,3492,0,1,0.0,0.0,151.9,162.0,20.2
16,8071350767,Morning Weight Training,2022-11-05T10:26:49Z,WeightTraining,0.0,5465,5465,0,3,0.0,0.0,140.1,181.0,0
17,8054022420,UT2,2022-11-01T17:39:43Z,Ride,0.0,2702,2702,0,0,0.0,0.0,145.6,156.0,0
18,8050909576,Morning Weight Training,2022-11-01T06:50:23Z,WeightTraining,0.0,4267,4267,0,4,0.0,0.0,120.7,169.0,0
19,8048766478,2x20‚Äô UT1,2022-10-31T17:14:45Z,Rowing,0.0,2646,2646,0,6,0.0,0.0,168.9,187.0,20.1
20,8046225122,Morning Weight Training,2022-10-31T06:49:31Z,WeightTraining,0.0,4568,4568,0,4,0.0,0.0,118.2,163.0,0
21,8043145428,Afternoon Hike,2022-10-30T13:54:51Z,Hike,3775.5,2682,2682,11.0,0,1.408,2.634,85.1,106.0,56.3
22,8042036972,Lunch Run,2022-10-30T11:03:30Z,Run,9016.6,3292,3239,82.0,6,2.784,4.159,152.6,167.0,83.7
23,8038377701,UT2,2022-10-29T17:23:17Z,Rowing,0.0,3732,3732,0,0,0.0,0.0,151.7,165.0,20.2
24,8032900873,Progression Run,2022-10-28T17:12:55Z,Run,7030.5,2014,2008,26.0,7,3.501,4.68,173.0,185.0,84.9
25,8030657947,Morning Weight Training,2022-10-28T06:51:34Z,WeightTraining,0.0,4689,4689,0,7,0.0,0.0,132.2,180.0,0
26,8028428012,2x10‚Äô UT1,2022-10-27T18:19:28Z,Rowing,0.0,1328,1328,0,0,0.0,0.0,174.1,190.0,24.1
27,8023789752,UT2,2022-10-26T18:45:13Z,Rowing,0.0,3746,3746,0,0,0.0,0.0,153.7,163.0,20.2
28,8018047379,Afternoon Run,2022-10-25T17:01:13Z,Run,12065.0,4520,4473,176.0,11,2.697,3.804,145.7,168.0,82.4
29,8015401559,Morning Weight Training,2022-10-25T06:48:51Z,WeightTraining,0.0,4298,4298,0,4,0.0,0.0,133.7,178.0,0
30,8012902759,3x10‚Äô UT1,2022-10-24T17:28:01Z,Rowing,0.0,2045,2045,0,4,0.0,0.0,171.7,190.0,20.3
31,8010707171,Morning Weight Training,2022-10-24T06:49:05Z,WeightTraining,0.0,4483,4483,0,4,0.0,0.0,113.8,161.0,0
32,8006188406,Treadmill Run,2022-10-23T10:38:35Z,Run,7373.8,2701,2701,0,5,2.73,3.178,149.2,159.0,80.9
33,8003343082,UT2,2022-10-22T17:54:59Z,Rowing,0.0,3739,3739,0,0,0.0,0.0,151.9,159.0,20.2
34,7995767601,Threshold Run,2022-10-21T07:45:59Z,Run,8191.1,2704,2700,39.0,12,3.034,5.138,163.3,180.0,84.2
35,7993558498,Afternoon Weight Training,2022-10-20T17:41:29Z,WeightTraining,0.0,4282,4282,0,4,0.0,0.0,142.7,184.0,0
36,7989050225,UT2,2022-10-19T18:37:08Z,Rowing,0.0,3753,3753,0,1,0.0,0.0,150.4,161.0,20.1
37,7983388404,Afternoon Run,2022-10-18T17:28:03Z,Run,8515.0,3313,3200,65.0,8,2.661,4.508,151.6,166.0,81.5
38,7980652175,Morning Weight Training,2022-10-18T06:50:29Z,WeightTraining,0.0,4447,4447,0,3,0.0,0.0,133.7,176.0,0
39,7978100694,30@20,2022-10-17T17:39:36Z,Rowing,0.0,1806,1806,0,9,0.0,0.0,181.9,196.0,20.2
40,7975768685,Morning Weight Training,2022-10-17T06:48:12Z,WeightTraining,0.0,4203,4203,0,3,0.0,0.0,122.1,165.0,0
41,7972861566,Afternoon Run,2022-10-16T14:52:14Z,Run,8769.2,3548,3471,131.0,10,2.526,3.662,152.0,166.0,81.7
42,7962376641,10k UT2,2022-10-14T16:03:05Z,Rowing,0.0,2817,2817,0,0,0.0,0.0,153.3,162.0,20.0
43,7960316192,Morning Weight Training,2022-10-14T06:54:13Z,WeightTraining,0.0,4671,4671,0,3,0.0,0.0,145.5,184.0,0
44,7953783113,UT2,2022-10-12T19:34:06Z,Rowing,0.0,3755,3755,0,4,0.0,0.0,153.9,164.0,20.0
45,7947359106,Afternoon Run,2022-10-11T17:10:45Z,Run,7103.9,2531,2523,51.0,6,2.816,4.183,149.0,161.0,83.1
46,7944842437,Morning Weight Training,2022-10-11T06:52:13Z,WeightTraining,0.0,4224,4224,0,4,0.0,0.0,131.4,175.0,0
47,7942230222,3x10‚Äô UT1,2022-10-10T17:38:01Z,Rowing,0.0,2045,2045,0,0,0.0,0.0,169.0,182.0,20.3
48,7939882987,Uppers,2022-10-10T07:02:00Z,WeightTraining,0.0,3713,3713,0,3,0.0,0.0,116.6,161.0,0
49,7934608501,Morning Run,2022-10-09T09:07:35Z,Run,12720.3,4505,4476,98.0,11,2.842,4.116,156.7,167.0,83.3
50,7932032991,UT2,2022-10-08T17:20:51Z,Rowing,0.0,3764,3764,0,0,0.0,0.0,153.7,161.0,20.2
51,7930157143,Lunch Weight Training,2022-10-08T11:43:07Z,WeightTraining,0.0,5563,5563,0,0,0.0,0.0,131.8,181.0,0
52,7921180978,Afternoon Run,2022-10-06T16:36:26Z,Run,7040.0,2089,2089,28.0,9,3.37,4.365,170.7,182.0,83.9
53,7919022845,Morning Weight Training,2022-10-06T07:04:56Z,WeightTraining,0.0,3569,3569,0,2,0.0,0.0,131.5,172.0,0
54,7916601989,UT2,2022-10-05T17:39:19Z,Rowing,0.0,3741,3741,0,0,0.0,0.0,152.7,165.0,20.1
55,7913911181,Uppers,2022-10-05T07:20:39Z,WeightTraining,0.0,3737,3737,0,5,0.0,0.0,124.2,166.0,0
56,7911240797,2x20‚Äô UT1,2022-10-04T17:50:09Z,Rowing,0.0,2644,2644,0,0,0.0,0.0,170.7,187.0,20.3
57,7908513180,Morning Run,2022-10-04T07:30:20Z,Run,6809.8,2729,2703,30.0,9,2.519,3.569,146.6,160.0,83.3
58,7906392875,Lowers,2022-10-03T18:27:47Z,WeightTraining,0.0,4624,4624,0,5,0.0,0.0,135.9,180.0,0
59,7899916528,Afternoon Run,2022-10-02T13:07:39Z,Run,11133.5,3866,3864,76.0,8,2.881,3.772,157.1,167.0,82.5
60,7893678970,Morning Weight Training,2022-10-01T10:45:00Z,WeightTraining,0.0,4335,4335,0,2,0.0,0.0,139.9,176.0,0
61,7890768451,UT2,2022-09-30T18:01:27Z,Rowing,0.0,3514,3514,0,3,0.0,0.0,154.1,167.0,20.2
62,7885750933,Afternoon Run,2022-09-29T17:20:16Z,Run,7020.8,2130,2130,29.0,11,3.296,4.374,168.9,181.0,82.5
63,7883555539,Uppers,2022-09-29T07:23:19Z,WeightTraining,0.0,4052,4052,0,2,0.0,0.0,120.5,164.0,0
64,7881461775,UT2,2022-09-28T18:33:54Z,Rowing,0.0,3815,3815,0,6,0.0,0.0,154.4,162.0,20.1
65,7876163306,Lowers,2022-09-27T17:59:06Z,WeightTraining,0.0,4373,4373,0,3,0.0,0.0,135.6,180.0,0
66,7871143786,30@20,2022-09-26T18:41:21Z,Rowing,0.0,1823,1823,0,9,0.0,0.0,179.3,193.0,19.9
67,7868376584,Treadmill run,2022-09-26T06:02:25Z,Run,7934.2,2700,2700,0,5,2.939,3.149,143.1,153.0,80.3
68,7865831733,UT2,2022-09-25T15:27:25Z,Rowing,0.0,3248,3248,0,0,0.0,0.0,153.3,163.0,20.2
69,7863947531,Morning Weight Training,2022-09-25T10:08:36Z,WeightTraining,0.0,5485,5485,0,3,0.0,0.0,134.0,176.0,0
70,7860208508,Afternoon Run,2022-09-24T16:00:15Z,Run,10269.7,3431,3426,69.0,7,2.998,4.242,167.8,176.0,82.6
71,7858871041,UT2,2022-09-24T12:10:12Z,Rowing,0.0,3898,3898,0,0,0.0,0.0,154.7,164.0,20.1
72,7852713139,Morning Weight Training,2022-09-23T06:12:30Z,WeightTraining,0.0,3072,3072,0,3,0.0,0.0,122.6,165.0,0
73,7850174956,Afternoon Run,2022-09-22T17:09:24Z,Run,7021.3,2510,2507,28.0,6,2.801,3.871,154.7,162.0,81.1
74,7847871284,Lowers,2022-09-22T07:38:09Z,WeightTraining,0.0,3697,3697,0,2,0.0,0.0,140.6,183.0,0
75,7845560946,3x10‚Äô UT1,2022-09-21T18:57:37Z,Rowing,0.0,2044,2044,0,0,0.0,0.0,173.3,187.0,20.1
76,7840026199,Full body,2022-09-20T18:32:59Z,WeightTraining,0.0,4015,4015,0,5,0.0,0.0,143.0,178.0,0
77,7836492516,Treadmill run,2022-09-20T06:10:02Z,Run,7125.8,2401,2401,0,6,2.968,3.113,148.9,156.0,81.5
78,7833705380,UT2,2022-09-19T15:48:11Z,Rowing,0.0,3847,3847,0,0,0.0,0.0,153.8,165.0,20.1
79,7829541431,Afternoon Run,2022-09-18T17:28:29Z,Run,7007.8,2408,2408,24.0,7,2.91,4.515,154.4,165.0,82.1
80,7826710101,Uppers,2022-09-18T09:45:52Z,WeightTraining,0.0,3944,3944,0,2,0.0,0.0,131.9,168.0,0
81,7823850910,CD,2022-09-17T18:11:57Z,Ride,0.0,902,902,0,0,0.0,0.0,140.7,155.0,0
82,7823776631,2x20‚Äô UT1,2022-09-17T17:24:05Z,Rowing,0.0,2644,2644,0,0,0.0,0.0,170.7,189.0,20.2
83,7821349740,Lowers,2022-09-17T09:58:58Z,WeightTraining,0.0,4603,4603,0,2,0.0,0.0,142.9,184.0,0
84,7813193601,UT2,2022-09-15T16:52:29Z,Rowing,0.0,3583,3583,0,0,0.0,0.0,155.9,165.0,20.2
85,7810888052,Treadmill Run,2022-09-15T07:56:08Z,Run,6711.5,2401,2401,0,5,2.795,3.261,145.1,161.0,80.4
86,7807298558,Afternoon Weight Training,2022-09-14T14:26:08Z,WeightTraining,0.0,4954,4954,0,0,0.0,0.0,131.6,173.0,0
87,7801904415,Rainy bris walk,2022-09-13T14:33:53Z,Hike,7107.9,6096,5541,84.0,0,1.283,5.741,95.8,137.0,53.6
88,7797232429,UT2,2022-09-12T17:43:30Z,Rowing,0.0,3278,3278,0,0,0.0,0.0,153.3,165.0,20.2
89,7794899561,Uppers,2022-09-12T08:46:47Z,WeightTraining,0.0,3974,3974,0,0,0.0,0.0,122.5,160.0,0
90,7792159973,Lowers,2022-09-11T16:20:49Z,WeightTraining,0.0,4108,4108,0,0,0.0,0.0,125.4,175.0,0
91,7790359692,PUPPY YOGA,2022-09-11T11:50:53Z,Yoga,0.0,1525,1525,0,12,0.0,0.0,81.8,99.0,0
92,7786063723,20‚Äô UT1,2022-09-10T16:59:23Z,Ride,0.0,1203,1203,0,0,0.0,0.0,167.6,185.0,0
93,7783692069,UT2,2022-09-10T09:48:45Z,Rowing,0.0,3187,3187,0,0,0.0,0.0,154.3,162.0,20.1
94,7781004525,Treadmill Run,2022-09-09T18:22:38Z,Run,5452.9,1951,1951,0,4,2.795,3.342,152.1,166.0,79.2
95,7780097481,Afternoon Weights,2022-09-09T14:26:01Z,WeightTraining,0.0,4402,4402,0,1,0.0,0.0,126.8,175.0,0
96,7773491711,UT2,2022-09-08T08:10:30Z,Rowing,0.0,1926,1926,0,0,0.0,0.0,150.1,162.0,20.6
97,7770786346,Low UT2,2022-09-07T17:57:03Z,Ride,0.0,1820,1820,0,0,0.0,0.0,146.7,155.0,0
98,7770785951,Treadmill Run,2022-09-07T17:25:27Z,Run,4854.7,1801,1801,0,3,2.696,3.126,142.5,149.0,78.6
99,7768152777,Uppers,2022-09-07T08:52:15Z,WeightTraining,0.0,3794,3794,0,0,0.0,0.0,118.7,158.0,0
100,7764787731,UT2,2022-09-06T16:55:20Z,Ride,0.0,3604,3604,0,0,0.0,0.0,154.9,168.0,0
101,7762667188,Lowers,2022-09-06T08:56:40Z,WeightTraining,0.0,5306,5306,0,0,0.0,0.0,133.3,179.0,0
102,7759355564,Afternoon Row,2022-09-05T17:49:49Z,Rowing,0.0,612,612,0,0,0.0,0.0,150.7,160.0,20.3
103,7757358563,UT2,2022-09-05T10:29:27Z,Ride,0.0,1801,1801,0,0,0.0,0.0,157.1,165.0,0
104,7757358076,Treadmill Run,2022-09-05T09:55:02Z,Run,4904.5,1870,1870,0,3,2.623,3.235,148.8,159.0,80.1
105,7754804635,20‚Äô max,2022-09-04T18:06:23Z,Ride,0.0,1201,1201,0,0,0.0,0.0,172.3,189.0,0
106,7751770440,Morning Weight Training,2022-09-04T09:46:34Z,WeightTraining,0.0,4159,4159,0,0,0.0,0.0,127.1,171.0,0
107,7745857425,Treadmill Run,2022-09-03T09:51:39Z,Run,3205.4,1200,1200,0,3,2.671,3.19,147.6,163.0,80.0
108,7745717683,UT2,2022-09-03T08:46:47Z,Ride,0.0,3602,3602,0,0,0.0,0.0,154.5,168.0,0
109,7743046179,UT2,2022-09-02T17:10:50Z,Ride,0.0,3601,3601,0,0,0.0,0.0,154.2,167.0,0
110,7737859915,Treadmill run,2022-09-01T18:17:30Z,Run,2149.2,901,901,0,0,2.385,3.023,138.3,149.0,77.4
111,7737654871,UT2,2022-09-01T17:01:20Z,Ride,0.0,3600,3600,0,0,0.0,0.0,151.8,162.0,0
112,7735572003,Dog walk,2022-09-01T09:45:36Z,Hike,5549.7,4016,4001,44.0,0,1.387,7.826,100.3,117.0,56.2
113,7729637574,3x10‚Äô @20 r2‚Äô,2022-08-31T08:14:30Z,Rowing,0.0,2046,2046,0,0,0.0,0.0,178.9,196.0,20.2
114,7725788962,Bike - pub lunch - bike,2022-08-30T11:23:41Z,Ride,41979.0,17422,9521,134.0,7,4.409,9.57,114.5,157.0,0
115,7724037804,Uppers,2022-08-30T08:49:37Z,WeightTraining,0.0,3969,3969,0,1,0.0,0.0,128.7,172.0,0
116,7720746977,UT2,2022-08-29T16:34:02Z,Rowing,0.0,3588,3588,0,0,0.0,0.0,153.7,166.0,20.2
117,7719235471,Dog walk,2022-08-29T09:14:26Z,Hike,7959.3,11149,6097,44.0,2,1.305,1.997,86.6,113.0,54.8
118,7714427457,Lunch Weight Training,2022-08-28T12:26:33Z,WeightTraining,0.0,4767,4767,0,4,0.0,0.0,142.2,182.0,0
119,7671010444,UT2,2022-08-20T17:47:47Z,Rowing,0.0,1804,1804,0,0,0.0,0.0,154.3,162.0,20.2
120,7670831913,UT2,2022-08-20T17:11:16Z,Ride,0.0,2100,2100,0,0,0.0,0.0,145.6,154.0,0
121,7668472604,Uppers,2022-08-20T09:53:49Z,WeightTraining,0.0,4506,4506,0,0,0.0,0.0,127.7,169.0,0
122,7664700183,UT2,2022-08-19T15:05:43Z,Rowing,0.0,3813,3813,0,0,0.0,0.0,152.1,163.0,20.1
123,7663492030,Lowers,2022-08-19T10:31:15Z,WeightTraining,0.0,4732,4732,0,0,0.0,0.0,131.8,178.0,0
124,7658399853,CD,2022-08-18T12:38:19Z,Ride,0.0,901,901,0,0,0.0,0.0,131.2,143.0,0
125,7658301433,30r20,2022-08-18T12:01:54Z,Rowing,0.0,1806,1806,0,0,0.0,0.0,175.7,192.0,20.2
126,7654541497,UT2,2022-08-17T17:16:26Z,Rowing,0.0,3609,3609,0,1,0.0,0.0,152.4,167.0,20.1
127,7652416708,Morning Weight Training,2022-08-17T09:41:35Z,WeightTraining,0.0,5519,5519,0,0,0.0,0.0,139.0,180.0,0
128,7648123707,Treadmill run,2022-08-16T15:59:35Z,Run,1369.7,601,601,0,3,2.279,2.894,127.1,141.0,75.8
129,7648058584,UT2 bike,2022-08-16T14:53:32Z,Ride,0.0,3782,3782,0,3,0.0,0.0,142.5,154.0,0
130,7643010598,2x10‚Äô @24 r2‚Äô,2022-08-15T17:08:18Z,Rowing,0.0,1325,1325,0,3,0.0,0.0,177.4,194.0,24.1
131,7641092500,Uppers,2022-08-15T09:53:34Z,WeightTraining,0.0,4604,4604,0,2,0.0,0.0,131.9,170.0,0
132,7638145523,UT2,2022-08-14T17:23:01Z,Rowing,0.0,3661,3661,0,4,0.0,0.0,155.7,170.0,20.1
133,7635763234,Morning Weight Training,2022-08-14T10:21:19Z,WeightTraining,0.0,4107,4107,0,2,0.0,0.0,144.3,183.0,0
134,7624546471,UT2,2022-08-12T09:53:37Z,Rowing,0.0,3184,3184,0,3,0.0,0.0,156.3,168.0,20.1
135,7619206679,Morning Weight Training,2022-08-11T09:49:17Z,WeightTraining,0.0,5203,5203,0,6,0.0,0.0,131.8,173.0,0
136,7613759517,Canoeing,2022-08-10T10:38:33Z,Kayaking,5000.7,5835,3496,18.0,13,1.43,3.896,77.8,102.0,0
137,7613010094,UT2,2022-08-10T08:12:03Z,Rowing,0.0,2885,2885,0,5,0.0,0.0,156.6,168.0,20.1
138,7602492668,Fontaine and back,2022-08-08T09:55:08Z,Ride,22492.1,11860,5482,83.0,18,4.103,9.865,114.0,153.0,0
139,7596877782,Lowers,2022-08-07T11:39:13Z,WeightTraining,0.0,3737,3737,0,3,0.0,0.0,137.2,181.0,0
140,7590257555,Uppers,2022-08-06T08:48:56Z,WeightTraining,0.0,3617,3617,0,3,0.0,0.0,124.3,167.0,0
141,7582158834,WU + 2x10‚Äô @24 r2‚Äô,2022-08-04T17:33:16Z,Rowing,0.0,1738,1738,0,6,0.0,0.0,169.0,193.0,23.4
142,7574451221,Morning Weight Training,2022-08-03T09:41:22Z,WeightTraining,0.0,3687,3687,0,6,0.0,0.0,142.8,182.0,0
143,7565887813,Evening Ride,2022-08-01T18:04:07Z,Ride,41501.6,9654,8699,70.0,10,4.771,9.714,112.8,157.0,0
144,7551398937,Morning Ride,2022-07-30T06:47:56Z,Ride,0.0,2442,2442,0,4,0.0,0.0,146.9,186.0,0
145,7548474885,Afternoon Weight Training,2022-07-29T14:19:43Z,WeightTraining,0.0,4596,4596,0,4,0.0,0.0,130.5,178.0,0
146,7547439861,Lunch Ride,2022-07-29T11:37:51Z,Ride,0.0,1201,1201,0,3,0.0,0.0,144.4,155.0,0
147,7547347870,UT2,2022-07-29T10:53:53Z,Rowing,0.0,2524,2524,0,5,0.0,0.0,151.9,161.0,20.1
148,7543795982,Afternoon Ride,2022-07-28T17:00:01Z,Ride,0.0,2701,2701,0,2,0.0,0.0,137.5,154.0,0
149,7543132065,Afternoon Weight Training,2022-07-28T14:14:03Z,WeightTraining,0.0,4921,4921,0,1,0.0,0.0,128.1,175.0,0
150,7531820326,Snowdon,2022-07-26T10:13:41Z,Hike,12179.7,18520,12473,774.0,20,0.976,3.039,107.5,167.0,53.6
151,7505054487,Afternoon Weight Training,2022-07-21T14:32:28Z,WeightTraining,0.0,3332,3332,0,8,0.0,0.0,132.9,172.0,0
152,7503799896,UT2,2022-07-21T09:58:57Z,Rowing,0.0,3724,3724,0,7,0.0,0.0,152.1,161.0,20.2
153,7498516194,Morning Run,2022-07-20T10:35:40Z,Run,8244.0,2647,2631,63.0,12,3.133,4.506,171.6,189.0,83.2
154,7493879346,Lunch Weight Training,2022-07-19T12:46:50Z,WeightTraining,0.0,4198,4198,0,7,0.0,0.0,118.8,169.0,0
155,7489734530,3x10‚Äô r20 2‚Äô rest,2022-07-18T17:25:27Z,Rowing,0.0,2044,2044,0,8,0.0,0.0,173.0,193.0,19.9
156,7487395495,UT2 Run,2022-07-18T06:46:02Z,Run,9638.1,3608,3600,14.0,12,2.677,3.605,154.5,166.0,82.7
157,7482127668,Morning Row,2022-07-17T09:39:50Z,Rowing,0.0,376,376,0,4,0.0,0.0,165.4,179.0,26.0
158,7482080619,Full body weights,2022-07-17T08:27:37Z,WeightTraining,0.0,4184,4184,0,6,0.0,0.0,139.2,177.0,0
159,7479492086,Afternoon Run,2022-07-16T17:37:56Z,Run,7028.2,2174,2174,16.0,14,3.233,4.356,166.5,184.0,82.7
160,7460612928,Morning Run,2022-07-13T07:33:48Z,Run,7422.5,2466,2465,48.0,13,3.011,4.13,154.1,173.0,83.8
161,7447225108,Afternoon Row,2022-07-10T17:10:21Z,Rowing,0.0,2402,2402,0,6,0.0,0.0,159.9,178.0,20.5
162,7446978231,Afternoon Weights,2022-07-10T16:37:18Z,WeightTraining,0.0,1815,1815,0,3,0.0,0.0,105.6,164.0,0
163,7439902822,Cool down ride,2022-07-09T12:41:39Z,Ride,0.0,1800,1800,0,4,0.0,0.0,135.1,149.0,0
164,7439713882,Progression run,2022-07-09T12:01:24Z,Run,7010.8,2065,2063,28.0,10,3.398,4.792,179.6,195.0,84.4
165,7434878861,Afternoon Weight Training,2022-07-08T13:21:02Z,WeightTraining,0.0,4478,4478,0,6,0.0,0.0,140.3,181.0,0
166,7417959359,Workout,2022-07-05T09:39:30Z,WeightTraining,0.0,3819,3819,0,4,0.0,0.0,131.5,172.0,0
167,7408424059,Afternoon Ride,2022-07-03T13:40:57Z,Ride,0.0,1200,1200,0,2,0.0,0.0,133.0,146.0,0
168,7408295119,Afternoon Run,2022-07-03T13:02:31Z,Run,6364.8,2147,2139,45.0,5,2.976,4.67,158.3,179.0,81.8
169,7386140062,Morning Run,2022-06-29T08:19:56Z,Run,7013.9,2378,2363,15.0,7,2.968,3.85,164.0,173.0,83.0
170,7376949710,Afternoon Row,2022-06-27T15:43:56Z,Rowing,0.0,1807,1807,0,2,0.0,0.0,153.5,165.0,20.2
171,7376793245,Afternoon Ride,2022-06-27T15:06:50Z,Ride,0.0,1801,1801,0,1,0.0,0.0,134.9,149.0,0
172,7373263305,S&C,2022-06-26T17:56:53Z,WeightTraining,0.0,3629,3629,0,3,0.0,0.0,118.5,164.0,0
173,7370749108,Lunch Run,2022-06-26T11:18:02Z,Run,7018.3,2324,2324,36.0,6,3.02,4.036,154.6,165.0,82.8
174,7361532287,HRR qualifiers 8+,2022-06-24T14:44:39Z,Rowing,2229.6,622,622,0.0,10,3.584,4.808,175.8,189.0,34.8
175,7361532038,Row up,2022-06-24T14:09:02Z,Rowing,3346.4,1220,1188,0.0,5,2.817,5.294,136.2,170.0,25.8
176,7360043068,Pre paddle,2022-06-24T10:18:07Z,Rowing,6086.9,2726,2314,0.0,10,2.63,5.639,131.9,170.0,25.0
177,7355092750,8+,2022-06-23T10:09:44Z,Rowing,5730.4,2540,1966,0.0,11,2.915,5.48,135.1,170.0,25.8
178,7351348288,8+,2022-06-22T16:09:45Z,Rowing,11197.0,5470,4131,9.7,8,2.71,5.398,135.2,178.0,25.8
179,7343405291,8+,2022-06-21T07:09:07Z,Rowing,14616.4,5914,5150,5.3,12,2.838,6.144,130.7,172.0,24.4
180,7339622809,8+,2022-06-20T15:12:31Z,Rowing,5698.6,3511,2875,0.0,7,1.982,5.33,106.9,170.0,24.5
181,7339098592,Mixed 8+,2022-06-20T14:03:10Z,Rowing,3255.5,922,922,0.0,9,3.531,5.102,148.9,169.0,21.4
182,7337972575,S&C,2022-06-20T07:57:53Z,WeightTraining,0.0,3348,3348,0,2,0.0,0.0,95.7,142.0,0
183,7334829813,HWR D4+ final,2022-06-19T15:05:04Z,Rowing,2220.8,767,690,0.0,13,3.219,5.053,166.6,188.0,30.1
184,7334829400,Row up,2022-06-19T14:33:44Z,Rowing,1920.9,819,801,0.0,6,2.398,4.942,154.7,172.0,25.1
185,7333698056,D4+ semi,2022-06-19T11:48:56Z,Rowing,2175.2,708,622,0.0,11,3.497,5.166,174.0,189.0,31.3
186,7333697620,Row up,2022-06-19T11:23:52Z,Rowing,2080.8,870,850,0.0,4,2.448,4.856,151.1,176.0,25.0
187,7329815675,D4+ quarter,2022-06-18T16:42:19Z,Rowing,2175.0,637,617,0.0,11,3.525,5.006,166.9,181.0,31.3
188,7329827765,D4+ row up,2022-06-18T16:08:18Z,Rowing,2060.3,1047,885,0.0,1,2.328,5.302,146.8,173.0,25.7
189,7325126278,HWR D4+ heat,2022-06-17T18:30:16Z,Rowing,2190.8,769,663,0.0,11,3.304,5.155,171.2,202.0,29.9
190,7325125641,4+ row up,2022-06-17T17:58:35Z,Rowing,2255.8,928,860,0.0,3,2.623,4.878,155.4,173.0,25.6
191,7323432246,HWR TT,2022-06-17T13:06:55Z,Rowing,2334.3,913,871,0.0,3,2.68,4.52,144.2,161.0,29.8
192,7323431682,Row to start,2022-06-17T12:38:33Z,Rowing,1697.7,719,678,0.0,2,2.504,4.872,147.3,175.0,25.0
193,7312603899,4+,2022-06-15T10:56:03Z,Rowing,8599.0,4537,3778,0.0,7,2.276,5.704,146.4,178.0,28.7
194,7311511232,S&C,2022-06-15T07:57:06Z,WeightTraining,0.0,3108,3108,0,1,0.0,0.0,111.0,149.0,0
195,7306412872,4+,2022-06-14T10:44:04Z,Rowing,7076.4,3663,3220,0.0,9,2.198,4.982,137.7,176.0,30.1
196,7301260180,1k erg,2022-06-13T12:17:39Z,Rowing,0.0,239,239,0,3,0.0,0.0,170.7,180.0,36.1
197,7301135226,4+,2022-06-13T11:00:38Z,Rowing,6415.4,2903,2573,0.0,6,2.493,5.364,145.4,183.0,28.1
198,7300645462,S&C,2022-06-13T08:11:22Z,WeightTraining,0.0,3259,3259,0,2,0.0,0.0,104.8,141.0,0
199,7291527900,RA 8+,2022-06-11T15:57:48Z,Rowing,1787.6,478,448,0.0,2,3.99,5.317,114.2,174.0,33.3
200,7291527416,Row up 8+,2022-06-11T15:29:51Z,Rowing,2169.6,1106,978,3.6,5,2.218,3.846,126.7,151.0,22.1
201,7290507671,RA finalüèÜ,2022-06-11T13:17:15Z,Rowing,1555.0,369,353,0.0,7,4.405,5.391,116.6,185.0,35.2
202,7290507261,Row up,2022-06-11T12:26:36Z,Rowing,2560.4,1384,1259,0.0,3,2.034,3.636,135.6,156.0,22.0
203,7289960419,RA regatta,2022-06-11T11:27:17Z,Rowing,2327.4,727,712,0.0,2,3.269,5.323,159.9,184.0,28.9
204,7289917048,Row up,2022-06-11T10:27:03Z,Rowing,2988.8,1263,1241,0.0,2,2.408,4.449,144.8,167.0,22.7
205,7284674843,4+,2022-06-10T10:27:13Z,Rowing,6593.3,3370,2635,0.0,5,2.502,4.95,131.8,182.0,28.4
206,7284096577,S&C,2022-06-10T06:55:50Z,WeightTraining,0.0,3952,3952,0,2,0.0,0.0,101.1,156.0,0
207,7279748951,4+,2022-06-09T11:21:36Z,Rowing,6428.0,3160,2569,0.0,7,2.502,4.914,128.3,176.0,24.7
208,7279282221,4+,2022-06-09T08:57:33Z,Rowing,6828.7,4314,3323,0.0,5,2.055,4.996,117.5,171.0,24.4
209,7275478587,4+,2022-06-08T14:08:42Z,Rowing,13173.9,6302,5057,5.3,9,2.605,6.458,145.0,183.0,24.5
210,7273802596,S&C,2022-06-08T07:00:40Z,WeightTraining,0.0,4957,4957,0,2,0.0,0.0,107.3,162.0,0
211,7270626331,3x8‚Äô r28-32 5‚Äô rest,2022-06-07T17:15:30Z,Rowing,0.0,2050,2050,0,3,0.0,0.0,168.1,192.0,30.3
212,7268476080,4+,2022-06-07T08:16:36Z,Rowing,11815.7,4505,3983,4.5,7,2.967,4.818,143.1,175.0,22.0
213,7265408849,Afternoon Run,2022-06-06T17:03:35Z,Run,8453.4,2936,2904,76.0,8,2.911,3.819,153.0,167.0,82.4
214,7258314604,MET W8+ C final,2022-06-05T11:36:54Z,Rowing,2073.3,486,448,0.0,8,4.628,5.62,172.9,181.0,36.3
215,7258314194,Row up 8+,2022-06-05T11:04:27Z,Rowing,1741.9,831,776,0.0,2,2.245,4.814,118.1,153.0,25.5
216,7257449665,MET TT 8+,2022-06-05T09:22:39Z,Rowing,2043.9,452,452,0.0,4,4.522,5.289,130.9,150.0,35.2
217,7257449541,8+ row up,2022-06-05T08:46:38Z,Rowing,3541.0,1608,1433,0.0,7,2.471,4.982,114.7,139.0,23.2
218,7255013818,4+ A final,2022-06-04T18:21:21Z,Rowing,2054.6,522,522,0.0,8,3.936,4.71,179.5,186.0,34.3
219,7255013331,4+ row up,2022-06-04T17:41:21Z,Rowing,2847.2,1128,1073,0.0,1,2.653,5.336,155.4,174.0,24.5
220,7253944167,MET 4+ TT,2022-06-04T15:13:18Z,Rowing,2031.4,575,547,0.0,4,3.714,4.647,176.7,186.0,33.3
221,7253943841,MET warmup,2022-06-04T14:14:16Z,Rowing,3784.1,1762,1735,0.0,1,2.181,4.275,144.2,174.0,24.0
222,7246827633,4+,2022-06-03T07:09:18Z,Rowing,5685.1,2524,2242,5.2,10,2.536,4.937,123.2,164.0,23.7
223,7241474402,4+,2022-06-02T07:43:58Z,Rowing,10818.7,5038,4354,5.3,3,2.485,6.224,121.6,163.0,23.7
224,7238041431,4+,2022-06-01T15:29:21Z,Rowing,5967.6,2880,2245,0.0,6,2.658,4.988,135.0,181.0,25.7
225,7237416777,8+,2022-06-01T13:12:30Z,Rowing,9052.7,5174,4460,0.0,9,2.03,5.834,120.6,173.0,27.7
226,7235849501,S&C,2022-06-01T07:03:00Z,WeightTraining,0.0,3171,3171,0,0,0.0,0.0,113.3,158.0,0
227,7232831819,3x10‚Äô r20 2‚Äô rest,2022-05-31T17:21:15Z,Rowing,0.0,2045,2045,0,6,0.0,0.0,170.6,189.0,20.1
228,7230408934,8+,2022-05-31T06:57:38Z,Rowing,11721.3,4129,3810,8.4,12,3.076,4.949,138.7,181.0,23.6
229,7227614289,UT2,2022-05-30T16:56:58Z,Rowing,0.0,3726,3726,0,7,0.0,0.0,149.4,160.0,20.1
230,7225427630,S&C,2022-05-30T07:58:20Z,WeightTraining,0.0,5264,5264,0,4,0.0,0.0,118.1,167.0,0
231,7223160872,Afternoon Run,2022-05-29T17:33:53Z,Run,8735.3,3011,2917,69.0,10,2.995,5.025,153.6,168.0,82.4
232,7219793129,4+,2022-05-29T06:42:41Z,Rowing,11454.5,6309,4122,0.0,10,2.779,4.728,140.9,180.0,25.3
233,7214390089,4+,2022-05-28T07:23:29Z,Rowing,13503.7,6066,4688,5.2,8,2.88,4.68,139.6,176.0,23.3
234,7211960338,UT2,2022-05-27T17:07:05Z,Rowing,0.0,3726,3726,0,4,0.0,0.0,153.6,163.0,20.0
235,7210365571,S&C,2022-05-27T11:36:37Z,WeightTraining,0.0,3032,3032,0,2,0.0,0.0,124.6,161.0,0
236,7200878401,Seat racing,2022-05-25T14:35:50Z,Rowing,14741.9,7318,5781,0.0,8,2.55,4.636,147.7,186.0,24.3
237,7198938153,S&C,2022-05-25T06:56:15Z,WeightTraining,0.0,4408,4408,0,1,0.0,0.0,118.4,162.0,0
238,7195820077,3x8‚Äô r28-32 5‚Äô rest,2022-05-24T17:07:08Z,Rowing,0.0,2048,2048,0,7,0.0,0.0,171.5,193.0,29.8
239,7191120276,UT2,2022-05-23T18:03:54Z,Rowing,0.0,3724,3724,0,4,0.0,0.0,156.0,166.0,20.2
240,7188654890,S&C,2022-05-23T07:55:42Z,WeightTraining,0.0,4378,4378,0,2,0.0,0.0,127.5,167.0,0
241,7183032683,Seat racing,2022-05-22T08:35:29Z,Rowing,10856.7,5296,4025,0.0,11,2.697,4.923,147.1,190.0,24.3
242,7176844423,Seat racing,2022-05-21T06:30:03Z,Rowing,10134.1,5171,3744,0.0,10,2.707,5.031,146.4,185.0,24.6
243,7174980398,UT2,2022-05-20T18:12:26Z,Rowing,0.0,3725,3725,0,7,0.0,0.0,149.8,159.0,20.0
244,7172453382,S&C,2022-05-20T07:01:58Z,WeightTraining,0.0,4645,4645,0,4,0.0,0.0,115.4,166.0,0
245,7164473290,Afternoon Run,2022-05-18T17:59:10Z,Run,8170.1,2713,2710,89.0,20,3.015,4.248,151.3,165.0,82.2
246,7161668289,S&C,2022-05-18T07:01:51Z,WeightTraining,0.0,4786,4786,0,3,0.0,0.0,116.2,165.0,0
247,7158900876,4x2k @30+ 5‚Äô rest,2022-05-17T18:21:44Z,Rowing,0.0,2857,2857,0,6,0.0,0.0,166.3,190.0,29.6
248,7155828203,4-,2022-05-17T07:05:50Z,Rowing,8975.9,3704,3440,5.3,11,2.609,4.89,85.3,173.0,20.9
249,7153342106,UT2,2022-05-16T18:05:41Z,Rowing,0.0,3723,3723,0,5,0.0,0.0,147.1,159.0,20.2
250,7150696211,S&C,2022-05-16T07:04:46Z,WeightTraining,0.0,4437,4437,0,2,0.0,0.0,116.8,168.0,0
251,7144812583,4-,2022-05-15T07:23:17Z,Rowing,10510.8,5658,3735,0.0,10,2.814,5.328,131.6,178.0,23.8
252,7142214010,Avon regatta 4+,2022-05-14T17:41:40Z,Rowing,1029.5,238,238,0.0,4,4.326,5.604,167.8,174.0,34.6
253,7142213746,Row up,2022-05-14T17:07:27Z,Rowing,1364.4,869,649,0.0,2,2.102,4.398,119.6,156.0,23.8
254,7141453209,2x final,2022-05-14T15:44:14Z,Rowing,1443.2,423,423,0.0,16,3.412,5.02,168.7,183.0,29.4
255,7141452846,Row up,2022-05-14T15:12:34Z,Rowing,1546.0,1208,693,0.0,4,2.231,6.222,137.5,161.0,19.0
256,7140692198,Avon regatta 2x,2022-05-14T13:46:51Z,Rowing,1440.1,412,412,0.0,6,3.495,5.43,171.5,184.0,29.6
257,7140691729,Row up,2022-05-14T13:17:06Z,Rowing,961.3,580,519,0.0,2,1.852,4.12,146.2,177.0,24.1
258,7136335783,8x500m 2‚Äô rest,2022-05-13T17:12:50Z,Rowing,0.0,1752,1752,0,7,0.0,0.0,172.6,189.0,31.1
259,7134120830,S&C,2022-05-13T06:56:00Z,WeightTraining,0.0,4704,4704,0,5,0.0,0.0,124.5,168.0,0
260,7131590279,Evening Run,2022-05-12T18:06:50Z,Run,8105.2,2703,2644,70.0,11,3.066,4.012,158.2,169.0,82.8
261,7125270636,4-,2022-05-11T14:42:46Z,Rowing,12291.4,6409,5211,0.0,4,2.359,4.614,130.3,176.0,22.6
262,7123253683,S&C,2022-05-11T07:03:39Z,WeightTraining,0.0,4307,4307,0,4,0.0,0.0,132.8,178.0,0
263,7119844923,3x10‚Äô r20,2022-05-10T17:08:13Z,Rowing,0.0,2047,2047,0,5,0.0,0.0,175.1,193.0,20.2
264,7117339366,4-,2022-05-10T07:07:09Z,Rowing,9106.1,3718,3269,8.4,12,2.786,4.683,148.9,186.0,21.9
265,7114245770,UT2,2022-05-09T16:53:18Z,Rowing,0.0,3726,3726,0,3,0.0,0.0,155.3,164.0,20.4
266,7111897774,S&C,2022-05-09T06:57:17Z,WeightTraining,0.0,4502,4502,0,3,0.0,0.0,126.1,177.0,0
267,7100573392,4-,2022-05-07T07:25:10Z,Rowing,10001.0,4589,4233,8.5,8,2.363,4.45,131.1,173.0,22.7
268,7098216577,UT2,2022-05-06T17:01:16Z,Rowing,0.0,3732,3732,0,3,0.0,0.0,155.4,169.0,20.0
269,7095935752,S&C,2022-05-06T06:57:40Z,WeightTraining,0.0,5168,5168,0,1,0.0,0.0,125.6,177.0,0
270,7093625965,Evening Run,2022-05-05T18:30:01Z,Run,10069.4,3326,3310,129.0,17,3.042,4.762,159.0,170.0,83.4
271,7090617237,4+,2022-05-05T07:15:02Z,Rowing,5283.7,2762,2619,0.0,6,2.017,4.094,114.2,154.0,22.3
272,7087611986,4+,2022-05-04T16:17:36Z,Rowing,6515.1,3703,3398,0.0,4,1.917,3.996,110.4,166.0,22.2
273,7085214542,S&C,2022-05-04T06:56:30Z,WeightTraining,0.0,3737,3737,0,6,0.0,0.0,114.8,170.0,0
274,7075686089,4+ B final,2022-05-02T13:41:53Z,Rowing,2032.5,487,487,0.0,7,4.173,5.088,179.6,190.0,33.6
275,7075685970,4+ row up,2022-05-02T13:19:00Z,Rowing,2007.7,932,885,0.0,3,2.269,4.589,131.3,158.0,22.5
276,7075049588,4+ AB semi,2022-05-02T11:34:01Z,Rowing,2019.6,480,480,0.0,4,4.207,5.134,183.1,192.0,33.5
277,7075048885,4+ row up,2022-05-02T11:10:58Z,Rowing,2002.3,1076,961,0.0,4,2.084,4.818,136.2,164.0,21.4
278,7074291748,4+ time trial,2022-05-02T08:28:19Z,Rowing,1665.9,397,397,0.0,4,4.196,5.123,175.1,185.0,32.1
279,7074291617,4+ row up,2022-05-02T08:03:42Z,Rowing,1242.8,509,509,0.0,3,2.442,3.895,138.4,161.0,20.1
280,7071487806,8+ B final,2022-05-01T16:20:44Z,Rowing,2064.2,468,468,0.0,7,4.411,6.014,178.2,185.0,34.4
281,7071466254,8+ row up,2022-05-01T15:55:41Z,Rowing,1908.7,1072,998,0.0,4,1.913,4.88,132.4,155.0,22.9
282,7070440056,8+ AB semi,2022-05-01T13:44:32Z,Rowing,2031.8,480,460,0.0,8,4.417,5.065,180.2,185.0,33.4
283,7070439270,8+ row up,2022-05-01T13:20:37Z,Rowing,1975.5,864,823,0.0,4,2.4,4.182,143.2,167.0,21.0
284,7069393255,8+ time trial,2022-05-01T11:10:02Z,Rowing,1630.7,373,373,0.0,5,4.372,5.198,175.0,181.0,32.9
285,7069393034,8+ row up,2022-05-01T10:40:01Z,Rowing,1415.8,1336,1094,0.0,2,1.294,4.152,118.0,160.0,21.3
286,7053575464,UT2.5,2022-04-28T10:19:51Z,Ride,0.0,3600,3600,0,1,0.0,0.0,140.5,154.0,0
287,7049842535,8+,2022-04-27T15:03:06Z,Rowing,12033.3,5669,4716,5.3,14,2.552,5.662,131.8,176.0,23.8
288,7049153903,4+,2022-04-27T13:29:34Z,Rowing,5465.3,2776,2411,0.0,5,2.267,5.458,129.4,172.0,24.0
289,7047694873,S&C,2022-04-27T06:58:53Z,WeightTraining,0.0,3865,3865,0,3,0.0,0.0,121.5,167.0,0
290,7045455115,S&C,2022-04-26T18:48:46Z,WeightTraining,0.0,3101,3101,0,2,0.0,0.0,134.9,181.0,0
291,7042575636,Morning Run,2022-04-26T09:34:01Z,Run,8414.3,2812,2782,72.0,15,3.025,3.856,161.6,174.0,83.5
292,7042249401,4+,2022-04-26T07:17:10Z,Rowing,4965.3,2892,2645,0.0,5,1.877,5.032,107.6,150.0,22.8
293,7039363061,2k,2022-04-25T17:20:21Z,Rowing,0.0,480,480,0,8,0.0,0.0,189.0,198.0,31.3
294,7037209348,S&C,2022-04-25T06:55:51Z,WeightTraining,0.0,4817,4817,0,3,0.0,0.0,118.3,166.0,0
295,7021929654,4+,2022-04-22T10:31:47Z,Rowing,4954.0,2801,2470,0.0,4,2.006,5.307,127.3,174.0,25.9
296,7021494230,4+,2022-04-22T07:56:55Z,Rowing,6594.5,3636,3336,0.0,2,1.977,3.849,105.2,146.0,21.1
297,7016715793,8+,2022-04-21T10:12:18Z,Rowing,11561.2,4583,4197,5.2,7,2.755,5.028,136.2,180.0,23.7
298,7016284617,4+,2022-04-21T07:55:27Z,Rowing,8331.1,4437,3223,0.0,9,2.585,4.374,150.2,187.0,23.2
299,7013425500,S&C,2022-04-20T16:52:21Z,WeightTraining,0.0,5176,5176,0,7,0.0,0.0,138.0,187.0,0
300,7011323262,2-,2022-04-20T09:41:05Z,Rowing,10142.0,4405,3979,8.4,10,2.549,4.35,147.9,175.0,25.2
301,7010923646,2-,2022-04-20T07:46:13Z,Rowing,8836.7,3554,3381,5.3,2,2.614,3.654,144.0,164.0,21.9
302,7005941280,2-,2022-04-19T09:29:09Z,Rowing,10788.9,4522,3828,5.3,9,2.818,4.178,145.4,172.0,25.0
303,7005577559,2-,2022-04-19T07:45:29Z,Rowing,8740.6,3610,3288,5.3,5,2.658,4.126,145.4,163.0,22.7
304,7003079838,S&C,2022-04-18T16:51:00Z,WeightTraining,0.0,4439,4439,0,3,0.0,0.0,120.4,169.0,0
305,7000860655,4+,2022-04-18T10:05:48Z,Rowing,9871.8,5416,3192,0.0,12,3.093,4.716,159.2,186.0,24.5
306,7000560904,4+,2022-04-18T07:56:20Z,Rowing,11711.8,6800,4479,0.0,10,2.615,4.626,159.0,189.0,23.8
307,6992158898,8x500m 2‚Äô rest,2022-04-16T16:52:22Z,Rowing,0.0,1752,1752,0,8,0.0,0.0,164.9,187.0,32.0
308,6984228070,2-,2022-04-15T09:09:55Z,Rowing,6457.2,3052,2608,0.0,8,2.476,4.22,153.8,188.0,25.3
309,6983856477,4+,2022-04-15T07:28:50Z,Rowing,6506.0,2859,2733,0.0,5,2.381,4.072,122.3,150.0,21.0
310,6979407701,2-,2022-04-14T09:51:26Z,Rowing,9572.4,4238,3888,0.0,8,2.462,4.238,160.1,188.0,24.2
311,6978973442,4+,2022-04-14T07:48:50Z,Rowing,6561.4,3548,3270,0.0,6,2.007,3.804,110.6,152.0,21.5
312,6976389900,S&C,2022-04-13T16:54:38Z,WeightTraining,0.0,5119,5119,0,8,0.0,0.0,131.2,179.0,0
313,6974399873,4+,2022-04-13T10:02:58Z,Rowing,9835.2,4494,4042,0.0,10,2.433,8.329,133.4,181.0,24.5
314,6973921401,2-,2022-04-13T07:52:33Z,Rowing,8858.9,3418,3324,5.3,9,2.665,3.854,152.1,168.0,20.0
315,6968956201,2-,2022-04-12T10:00:12Z,Rowing,10023.1,4458,3832,0.0,7,2.616,4.456,156.5,179.0,22.1
316,6968494550,8+,2022-04-12T07:52:51Z,Rowing,6649.4,3165,2993,0.0,8,2.222,4.161,120.3,157.0,20.7
317,6965751516,S&C,2022-04-11T16:48:46Z,WeightTraining,0.0,4880,4880,0,7,0.0,0.0,128.3,177.0,0
318,6963911543,4+,2022-04-11T09:45:24Z,Rowing,13349.7,5720,5358,9.8,11,2.492,10.905,135.8,169.0,21.8
319,6963444980,4+,2022-04-11T07:37:48Z,Rowing,6625.3,3498,3088,0.0,5,2.145,3.808,118.8,153.0,19.3
320,6948410256,S&C,2022-04-08T08:40:54Z,WeightTraining,0.0,3315,3315,0,4,0.0,0.0,129.8,169.0,0
321,6941417436,UT2 2/2,2022-04-06T18:38:27Z,Ride,0.0,1810,1810,0,6,0.0,0.0,148.4,158.0,0
322,6941230335,UT2 1/2,2022-04-06T18:06:43Z,Rowing,0.0,1805,1805,0,7,0.0,0.0,152.1,159.0,20.2
323,6938848035,S&C,2022-04-06T07:57:07Z,WeightTraining,0.0,4521,4521,0,4,0.0,0.0,141.8,185.0,0
324,6936291412,3x10‚Äô r20 2‚Äô rest,2022-04-05T18:28:53Z,Rowing,0.0,2045,2045,0,1,0.0,0.0,177.3,193.0,20.4
325,6933753407,Morning Run,2022-04-05T08:50:57Z,Run,7589.4,2805,2792,64.0,10,2.718,3.862,157.0,168.0,83.1
326,6931057433,UT2,2022-04-04T17:18:58Z,Rowing,0.0,3729,3729,0,5,0.0,0.0,155.0,164.0,20.1
327,6929393746,S&C,2022-04-04T10:23:55Z,WeightTraining,0.0,3499,3499,0,5,0.0,0.0,132.5,174.0,0
328,6912096970,20‚Äô test,2022-03-31T17:42:58Z,Ride,0.0,1203,1203,0,5,0.0,0.0,178.5,190.0,0
329,6910032603,Morning Run,2022-03-31T07:55:31Z,Run,3080.3,1260,1222,36.0,6,2.521,3.66,139.0,149.0,83.5
330,6907168877,8+,2022-03-30T14:52:24Z,Rowing,11402.2,6510,5532,0.0,9,2.061,4.816,114.5,173.0,22.8
331,6905572517,S&C,2022-03-30T09:31:30Z,WeightTraining,0.0,3010,3010,0,1,0.0,0.0,130.5,176.0,0
332,6902346077,3x10 r20,2022-03-29T17:19:46Z,Rowing,0.0,2049,2049,0,3,0.0,0.0,169.9,187.0,20.3
333,6899902035,4+,2022-03-29T07:01:18Z,Rowing,6373.8,2832,2616,0.0,7,2.436,4.251,130.7,170.0,20.5
334,6897199184,UT2,2022-03-28T16:53:36Z,Rowing,0.0,3699,3699,0,3,0.0,0.0,157.0,166.0,20.0
335,6895035255,S&C,2022-03-28T07:56:48Z,WeightTraining,0.0,3064,3064,0,2,0.0,0.0,103.2,148.0,0
336,6889866506,1x,2022-03-27T09:57:30Z,Rowing,8075.1,3744,3595,0.0,4,2.246,3.454,128.4,162.0,16.9
337,6889045110,1x,2022-03-27T07:37:21Z,Rowing,6280.3,2982,2808,0.0,2,2.237,3.69,127.8,169.0,17.9
338,6885052770,Lunch Run with Tiegan,2022-03-26T12:00:14Z,Run,10067.3,3588,3449,79.0,11,2.919,4.745,159.8,186.0,81.8
339,6881305124,8x500m,2022-03-25T17:21:07Z,Rowing,0.0,1755,1755,0,3,0.0,0.0,168.1,187.0,30.7
340,6878893492,S&C,2022-03-25T06:59:19Z,WeightTraining,0.0,4727,4727,0,1,0.0,0.0,107.5,147.0,0
341,6870497986,2x,2022-03-23T14:54:22Z,Rowing,6662.9,3748,2805,0.0,9,2.375,4.352,145.7,178.0,20.1
342,6868346877,S&C,2022-03-23T06:56:01Z,WeightTraining,0.0,3634,3634,0,0,0.0,0.0,141.9,179.0,0
343,6865417703,3x10‚Äô r20,2022-03-22T17:13:00Z,Rowing,0.0,2046,2046,0,4,0.0,0.0,172.1,188.0,20.2
344,6862681754,Morning Run,2022-03-22T06:38:40Z,Run,10066.5,3614,3601,80.0,18,2.795,5.496,154.6,165.0,83.7
345,6860177028,UT2,2022-03-21T17:03:56Z,Rowing,0.0,3847,3847,0,5,0.0,0.0,152.4,163.0,20.3
346,6857756406,S&C,2022-03-21T07:00:56Z,WeightTraining,0.0,5246,5246,0,2,0.0,0.0,119.1,178.0,0
347,6854730123,Afternoon Run,2022-03-20T15:08:48Z,Run,6976.3,2519,2492,65.0,9,2.799,7.034,149.7,177.0,82.8
348,6851772979,2x,2022-03-20T07:28:37Z,Rowing,3343.4,2810,1526,0.0,7,2.191,3.848,119.2,154.0,18.8
349,6846321854,2x,2022-03-19T07:19:41Z,Rowing,4627.0,3159,2556,0.0,7,1.81,4.286,109.5,150.0,19.3
350,6844249799,Afternoon Run,2022-03-18T17:58:47Z,Run,3476.9,1377,1374,20.0,9,2.53,3.283,150.0,158.0,83.3
351,6844086188,3x2k reality check,2022-03-18T17:11:50Z,Rowing,0.0,2179,2179,0,6,0.0,0.0,163.4,190.0,24.3
352,6841717590,S&C,2022-03-18T06:55:17Z,WeightTraining,0.0,4108,4108,0,2,0.0,0.0,129.4,172.0,0
353,6833660190,1x,2022-03-16T14:54:02Z,Rowing,6339.3,2568,2546,0.0,7,2.49,3.624,145.2,165.0,17.5
354,6831728189,S&C,2022-03-16T06:58:26Z,WeightTraining,0.0,4214,4214,0,4,0.0,0.0,135.9,179.0,0
355,6828513986,10x 1‚Äô on 1‚Äô off @24,2022-03-15T16:31:03Z,Rowing,0.0,1149,1149,0,3,0.0,0.0,162.9,179.0,23.2
356,6826351679,Morning Run,2022-03-15T06:59:10Z,Run,10027.9,3689,3624,107.0,15,2.767,4.09,148.6,161.0,84.6
357,6823687866,UT2,2022-03-14T17:02:39Z,Rowing,0.0,2950,2950,0,4,0.0,0.0,150.9,162.0,19.8
358,6821448071,S&C,2022-03-14T07:02:55Z,WeightTraining,0.0,4241,4241,0,3,0.0,0.0,128.9,171.0,0
359,6810683659,Morning Run,2022-03-12T08:26:12Z,Run,9218.0,3046,3037,70.0,12,3.035,4.953,162.2,186.0,85.2
360,6806109985,S&C,2022-03-11T07:00:03Z,WeightTraining,0.0,3714,3714,0,1,0.0,0.0,134.3,172.0,0
361,6798888606,UT2,2022-03-09T17:50:26Z,Ride,0.0,4801,4801,0,4,0.0,0.0,145.5,161.0,0
362,6795957338,S&C,2022-03-09T07:00:12Z,WeightTraining,0.0,4403,4403,0,1,0.0,0.0,127.7,174.0,0
363,6793114760,6x5‚Äô r20,2022-03-08T17:08:18Z,Rowing,0.0,2410,2410,0,1,0.0,0.0,162.2,185.0,20.4
364,6790610287,Morning Run,2022-03-08T07:06:23Z,Run,8191.1,2932,2900,81.0,10,2.825,3.936,151.8,166.0,85.3
365,6788226112,3x10‚Äô on erg bike,2022-03-07T17:41:18Z,Ride,0.0,2041,2041,0,3,0.0,0.0,166.7,188.0,0
366,6785895471,S&C,2022-03-07T07:02:28Z,WeightTraining,0.0,3772,3772,0,2,0.0,0.0,123.7,169.0,0
367,6781771229,30‚Äô feet out,2022-03-06T12:07:14Z,Rowing,0.0,1807,1807,0,2,0.0,0.0,154.2,173.0,19.6
368,6781485868,UT2/3,2022-03-06T11:15:37Z,Ride,0.0,2701,2701,0,2,0.0,0.0,132.8,149.0,0
369,6775974795,Lunch Run,2022-03-05T11:56:17Z,Run,6639.9,2185,2176,68.0,9,3.051,4.71,115.6,179.0,85.5
370,6772366609,10x1‚Äô,2022-03-04T17:06:01Z,Rowing,0.0,1173,1173,0,3,0.0,0.0,162.1,180.0,23.4
371,6770228444,S&C,2022-03-04T07:01:39Z,WeightTraining,0.0,4325,4325,0,4,0.0,0.0,130.4,173.0,0
372,6762794815,20‚Äô feet out UT1,2022-03-02T18:13:10Z,Rowing,0.0,1206,1206,0,6,0.0,0.0,119.3,139.0,20.1
373,6762652790,UT2/3,2022-03-02T17:27:53Z,Ride,0.0,2412,2412,0,3,0.0,0.0,118.9,143.0,0
374,6760161976,S&C,2022-03-02T07:01:01Z,WeightTraining,0.0,4355,4355,0,7,0.0,0.0,133.2,179.0,0
375,6757239960,20‚Äô max wattbike,2022-03-01T17:02:37Z,Ride,0.0,1207,1207,0,2,0.0,0.0,169.6,188.0,0
376,6754857507,Morning Run,2022-03-01T07:20:13Z,Run,8016.7,3028,3000,105.0,16,2.672,3.68,152.5,166.0,84.5
377,6751878787,10‚Äô,2022-02-28T16:04:19Z,Rowing,0.0,601,601,0,4,0.0,0.0,157.4,168.0,20.3
378,6751790229,UT2,2022-02-28T14:44:44Z,Ride,0.0,4201,4201,0,3,0.0,0.0,155.7,164.0,0
379,6750066172,S&C,2022-02-28T07:00:30Z,WeightTraining,0.0,4265,4265,0,3,0.0,0.0,124.4,167.0,0
380,6741760391,Afternoon Run,2022-02-26T15:57:11Z,Run,6921.1,2060,2060,32.0,10,3.36,5.602,172.0,180.0,84.1
381,6739350178,UT2,2022-02-26T08:54:28Z,Ride,0.0,3600,3600,0,1,0.0,0.0,146.9,163.0,0
382,6734690268,S&C,2022-02-25T07:00:28Z,WeightTraining,0.0,3593,3593,0,4,0.0,0.0,110.8,148.0,0
383,6727456286,Afternoon Run,2022-02-23T16:53:45Z,Run,6036.2,2135,2082,97.0,18,2.899,4.67,147.2,162.0,83.6
384,6724982692,S&C,2022-02-23T07:00:07Z,WeightTraining,0.0,4345,4345,0,3,0.0,0.0,131.8,180.0,0
385,6721778458,3x10‚Äô on erg bike,2022-02-22T15:59:06Z,Ride,0.0,2043,2043,0,2,0.0,0.0,166.5,188.0,0
386,6717655180,UT2/3,2022-02-21T18:15:50Z,Ride,0.0,4801,4801,0,6,0.0,0.0,134.8,156.0,0
387,6714996349,S&C,2022-02-21T07:04:41Z,WeightTraining,0.0,3785,3785,0,3,0.0,0.0,126.0,171.0,0
388,6709835809,8+,2022-02-20T07:24:45Z,Rowing,15002.6,5722,5400,10.1,11,2.778,5.183,145.3,184.0,22.7
389,6706724470,S&C,2022-02-19T13:59:14Z,WeightTraining,0.0,4876,4876,0,2,0.0,0.0,118.1,168.0,0
390,6704629610,8+,2022-02-19T07:25:35Z,Rowing,9311.2,5004,4000,0.0,10,2.328,4.177,118.9,146.0,20.1
391,6692180104,Long time no run,2022-02-16T14:47:47Z,Run,5813.4,2192,2120,51.0,9,2.742,5.073,144.5,157.0,83.5
392,6690537220,S&C,2022-02-16T07:00:35Z,WeightTraining,0.0,4453,4453,0,4,0.0,0.0,127.4,182.0,0
393,6687825217,UT2,2022-02-15T16:51:21Z,Ride,0.0,4804,4804,0,3,0.0,0.0,150.1,163.0,0
394,6682907382,UT2,2022-02-14T17:00:54Z,Ride,0.0,4017,4017,0,4,0.0,0.0,150.9,164.0,0
395,6680741962,S&C,2022-02-14T06:56:53Z,WeightTraining,0.0,4499,4499,0,5,0.0,0.0,110.7,141.0,0
396,6669647748,8+,2022-02-12T07:35:31Z,Rowing,5092.3,4349,2975,0.0,6,1.712,10.03,100.4,150.0,21.1
397,6667372496,5k,2022-02-11T18:00:22Z,Rowing,0.0,1214,1214,0,5,0.0,0.0,186.3,192.0,27.4
398,6664858930,S&C,2022-02-11T07:03:43Z,WeightTraining,0.0,3467,3467,0,0,0.0,0.0,108.3,163.0,0
399,6656590257,8+,2022-02-09T14:38:25Z,Rowing,14240.5,6190,4774,0.0,10,2.983,4.8,140.6,178.0,23.2
400,6654376505,S&C,2022-02-09T06:59:22Z,WeightTraining,0.0,3340,3340,0,1,0.0,0.0,124.7,176.0,0
401,6648856287,4+,2022-02-08T06:57:23Z,Rowing,6699.0,3416,2956,0.0,12,2.266,4.892,120.8,172.0,20.7
402,6646126130,5k prep,2022-02-07T17:16:19Z,Rowing,0.0,1512,1512,0,4,0.0,0.0,171.8,192.0,27.7
403,6643890235,S&C,2022-02-07T07:00:04Z,WeightTraining,0.0,3795,3795,0,3,0.0,0.0,117.2,165.0,0
404,6638636350,8+,2022-02-06T07:44:23Z,Rowing,10006.8,3866,3570,0.0,7,2.803,4.01,150.6,178.0,20.6
405,6633262184,COB fixture,2022-02-05T07:48:59Z,Rowing,8158.8,4429,2664,0.0,9,3.063,4.98,157.0,185.0,29.3
406,6630962836,UT2,2022-02-04T17:02:19Z,Ride,0.0,3601,3601,0,1,0.0,0.0,150.0,164.0,0
407,6628742172,S&C,2022-02-04T06:57:44Z,WeightTraining,0.0,3976,3976,0,4,0.0,0.0,128.4,170.0,0
408,6623829501,8+,2022-02-03T07:01:39Z,Rowing,5823.0,2761,2340,0.0,10,2.488,4.143,126.4,164.0,19.1
409,6620746345,8+,2022-02-02T14:35:56Z,Rowing,15368.2,5708,5149,9.7,13,2.985,5.316,148.8,179.0,21.9
410,6618776104,S&C,2022-02-02T07:00:07Z,WeightTraining,0.0,4512,4512,0,4,0.0,0.0,130.6,179.0,0
411,6615795868,3x10‚Äô,2022-02-01T17:09:23Z,Rowing,0.0,2049,2049,0,4,0.0,0.0,171.9,189.0,20.2
412,6613449662,4+,2022-02-01T07:03:16Z,Rowing,8730.6,3233,3131,5.1,12,2.788,4.376,146.9,177.0,21.4
413,6608692467,S&C,2022-01-31T06:56:22Z,WeightTraining,0.0,4578,4578,0,6,0.0,0.0,129.3,169.0,0
414,6599652257,Row back to quintin,2022-01-29T13:58:37Z,Rowing,4808.9,2300,2250,5.3,8,2.137,2.715,144.9,157.0,20.0
415,6599650988,Quintin head,2022-01-29T13:42:05Z,Rowing,4878.8,902,902,5.8,18,5.409,5.922,180.9,189.0,31.0
416,6598397375,Quintin pre paddle,2022-01-29T10:25:54Z,Rowing,4119.8,1559,1527,3.1,7,2.698,4.473,156.4,182.0,21.6
417,6593184389,S&C,2022-01-28T06:56:07Z,WeightTraining,0.0,4280,4280,0,4,0.0,0.0,129.6,165.0,0
418,6590589077,3x10‚Äô,2022-01-27T17:10:29Z,Rowing,0.0,2046,2046,0,6,0.0,0.0,174.7,189.0,20.3
419,6588307998,UT2,2022-01-27T07:08:26Z,Ride,0.0,3600,3600,0,3,0.0,0.0,143.9,161.0,0
420,6585080558,8+,2022-01-26T14:40:28Z,Rowing,9529.4,3810,3581,0.0,10,2.661,4.898,133.6,178.0,23.6
421,6583294172,S&C,2022-01-26T07:01:52Z,WeightTraining,0.0,4342,4342,0,3,0.0,0.0,138.9,182.0,0
422,6580310081,20r20,2022-01-25T17:16:18Z,Rowing,0.0,1209,1209,0,3,0.0,0.0,183.4,192.0,20.2
423,6575266785,UT2,2022-01-24T17:08:49Z,Ride,0.0,3610,3610,0,8,0.0,0.0,149.1,166.0,0
424,6572930961,S&C,2022-01-24T07:00:16Z,WeightTraining,0.0,4552,4552,0,8,0.0,0.0,126.9,172.0,0
425,6561689862,8+,2022-01-22T07:37:53Z,Rowing,11536.0,5306,4553,0.0,7,2.534,4.947,121.5,165.0,20.9
426,6559267735,10x1‚Äô on 1‚Äô off,2022-01-21T17:16:22Z,Rowing,0.0,1148,1148,0,7,0.0,0.0,168.6,184.0,24.0
427,6557075757,S&C,2022-01-21T06:55:37Z,WeightTraining,0.0,4205,4205,0,5,0.0,0.0,100.2,131.0,0
428,6554590731,2x20‚Äô,2022-01-20T17:11:50Z,Rowing,0.0,3000,3000,0,10,0.0,0.0,174.0,190.0,25.2
429,6552230179,UT2,2022-01-20T07:12:24Z,Rowing,0.0,3693,3693,0,6,0.0,0.0,154.2,161.0,20.0
430,6549049009,8+,2022-01-19T14:36:36Z,Rowing,13729.5,5039,4529,5.2,14,3.031,8.852,147.5,183.0,22.6
431,6547101458,S&C,2022-01-19T06:58:55Z,WeightTraining,0.0,4649,4649,0,3,0.0,0.0,132.2,163.0,0
432,6544454098,3x10‚Äô,2022-01-18T17:56:50Z,Rowing,0.0,2048,2048,0,7,0.0,0.0,170.7,184.0,20.5
433,6538744150,UT2,2022-01-17T16:21:10Z,Rowing,0.0,3612,3612,0,6,0.0,0.0,152.6,162.0,19.9
434,6536661555,S&C,2022-01-17T06:59:53Z,WeightTraining,0.0,4007,4007,0,5,0.0,0.0,119.8,159.0,0
435,6531085820,8+,2022-01-16T07:34:34Z,Rowing,16990.6,7033,5590,5.2,14,3.039,4.466,146.4,171.0,20.2
436,6525356336,8+,2022-01-15T07:33:43Z,Rowing,6780.8,3781,2897,0.0,10,2.341,6.532,120.9,159.0,19.8
437,6522961601,10x1‚Äô on 1‚Äô off,2022-01-14T17:12:49Z,Rowing,0.0,1151,1151,0,4,0.0,0.0,171.3,187.0,25.6
438,6520659529,S&C,2022-01-14T06:54:45Z,WeightTraining,0.0,3951,3951,0,2,0.0,0.0,109.6,140.0,0
439,6518129321,UT2,2022-01-13T17:07:04Z,Rowing,0.0,3632,3632,0,5,0.0,0.0,154.9,163.0,20.3
440,6512498650,8+,2022-01-12T14:55:20Z,Rowing,9211.4,4545,3541,0.0,7,2.601,4.342,119.2,154.0,18.4
441,6510435836,S&C,2022-01-12T07:02:56Z,WeightTraining,0.0,3854,3854,0,3,0.0,0.0,125.6,160.0,0
442,6507453248,2k,2022-01-11T17:20:21Z,Rowing,0.0,497,497,0,8,0.0,0.0,184.4,193.0,28.9
443,6500230400,S&C,2022-01-10T07:02:07Z,WeightTraining,0.0,3445,3445,0,3,0.0,0.0,129.2,153.0,0
444,6495140697,2x1k,2022-01-09T10:22:21Z,Rowing,0.0,832,832,0,6,0.0,0.0,151.4,183.0,29.1
445,6492151237,UT2,2022-01-08T16:03:21Z,Rowing,0.0,3601,3601,0,5,0.0,0.0,155.1,165.0,20.3
446,6491795903,S&C,2022-01-08T14:52:22Z,WeightTraining,0.0,4099,4099,0,2,0.0,0.0,132.6,173.0,0
447,6485690303,Lunch Run,2022-01-07T11:21:05Z,Run,6303.4,2179,2149,48.0,12,2.933,4.363,164.4,172.0,83.9
448,6482722092,3x2k,2022-01-06T17:41:33Z,Rowing,0.0,2172,2172,0,8,0.0,0.0,169.5,195.0,24.1
449,6477931630,UT2,2022-01-05T18:12:45Z,Rowing,0.0,3697,3697,0,5,0.0,0.0,155.5,165.0,20.1
450,6475189800,S&C,2022-01-05T07:40:35Z,WeightTraining,0.0,5233,5233,0,2,0.0,0.0,122.8,154.0,0
451,6470652740,Treadmill UT2,2022-01-04T10:45:14Z,Run,8850.6,3900,3900,0,5,2.269,2.8,149.8,161.0,74.9
452,6467818910,12x500 @24,2022-01-03T18:19:42Z,Rowing,0.0,3373,3373,0,1,0.0,0.0,156.3,188.0,24.1
453,6464857069,S&C,2022-01-03T08:13:44Z,WeightTraining,0.0,3507,3507,0,2,0.0,0.0,127.6,179.0,0
454,6462966822,UT2,2022-01-02T18:10:38Z,Rowing,0.0,3694,3694,0,7,0.0,0.0,156.2,164.0,20.0
455,6450077550,S&C,2021-12-31T08:37:11Z,WeightTraining,0.0,5111,5111,0,3,0.0,0.0,120.1,152.0,0
456,6441269369,S&C,2021-12-29T08:34:32Z,WeightTraining,0.0,5360,5360,0,7,0.0,0.0,130.6,179.0,0
457,6434806182,UT2,2021-12-27T17:59:58Z,Rowing,0.0,3696,3696,0,10,0.0,0.0,157.3,168.0,20.0
458,6432495368,S&C,2021-12-27T09:03:16Z,WeightTraining,0.0,3997,3997,0,6,0.0,0.0,125.9,174.0,0
459,6421889296,S&C,2021-12-24T10:29:00Z,WeightTraining,0.0,5092,5092,0,7,0.0,0.0,108.5,144.0,0
460,6419576098,8x500m,2021-12-23T18:01:23Z,Rowing,0.0,2176,2176,0,9,0.0,0.0,159.1,186.0,29.3
461,6417854808,Morning Run,2021-12-23T09:52:04Z,Run,7019.8,2718,2618,0.0,7,2.681,3.589,152.1,161.0,84.2
462,6415976039,UT2,2021-12-22T18:08:21Z,Rowing,0.0,3694,3694,0,3,0.0,0.0,158.7,169.0,20.2
463,6414012179,S&C,2021-12-22T08:43:38Z,WeightTraining,0.0,5354,5354,0,4,0.0,0.0,131.4,182.0,0
464,6409934139,UT2 bike,2021-12-21T09:36:20Z,Ride,0.0,3601,3601,0,1,0.0,0.0,145.8,159.0,0
465,6405845152,S&C,2021-12-20T07:48:37Z,WeightTraining,0.0,3834,3834,0,5,0.0,0.0,114.8,158.0,0
466,6404182200,UT2,2021-12-19T17:04:39Z,Rowing,0.0,3694,3694,0,2,0.0,0.0,158.6,166.0,20.0
467,6397249123,4+,2021-12-18T07:53:40Z,Rowing,8357.9,4301,3100,5.2,8,2.696,4.296,117.2,142.0,19.5
468,6395372037,3x1k,2021-12-17T17:18:00Z,Rowing,0.0,1415,1415,0,3,0.0,0.0,158.3,187.0,27.8
469,6393587964,S&C,2021-12-17T06:58:45Z,WeightTraining,0.0,3347,3347,0,2,0.0,0.0,112.2,140.0,0
470,6391573822,10x1‚Äô,2021-12-16T17:11:27Z,Rowing,0.0,1154,1154,0,2,0.0,0.0,161.2,177.0,25.8
471,6387356974,8+,2021-12-15T14:43:41Z,Rowing,11002.6,4032,3589,5.1,7,3.066,5.078,129.6,162.0,20.2
472,6385832098,S&C,2021-12-15T07:08:41Z,WeightTraining,0.0,3931,3931,0,3,0.0,0.0,121.6,173.0,0
473,6383676873,3x10‚Äô,2021-12-14T17:28:54Z,Rowing,0.0,2043,2043,0,4,0.0,0.0,169.3,186.0,20.2
474,6381740717,Morning Run,2021-12-14T08:10:57Z,Run,8036.2,2941,2872,96.0,11,2.798,5.927,150.8,166.0,84.2
475,6379146484,UT2,2021-12-13T15:14:44Z,Rowing,0.0,3701,3701,0,3,0.0,0.0,159.8,168.0,20.0
476,6377713575,S&C,2021-12-13T06:56:03Z,WeightTraining,0.0,4363,4363,0,2,0.0,0.0,127.3,171.0,0
477,6373358098,8+,2021-12-12T07:36:10Z,Rowing,10196.5,5425,3399,5.2,5,3.0,11.693,123.0,159.0,20.8
478,6369098266,8+,2021-12-11T07:43:35Z,Rowing,7745.6,4561,3876,0.0,6,1.998,4.465,108.4,143.0,20.5
479,6367162633,3x2k,2021-12-10T17:15:26Z,Rowing,0.0,2159,2159,0,1,0.0,0.0,162.9,189.0,24.0
480,6365457673,S&C,2021-12-10T06:53:25Z,WeightTraining,0.0,4578,4578,0,3,0.0,0.0,115.6,136.0,0
481,6359241636,8+,2021-12-08T14:45:55Z,Rowing,5659.2,5129,3046,0.0,7,1.858,3.865,124.9,153.0,18.7
482,6357521258,S&C,2021-12-08T07:07:45Z,WeightTraining,0.0,3617,3617,0,1,0.0,0.0,95.7,149.0,0
483,6355400027,30r20,2021-12-07T17:18:57Z,Rowing,0.0,1806,1806,0,3,0.0,0.0,182.2,193.0,20.3
484,6351073753,UT2,2021-12-06T15:43:12Z,Ride,0.0,3602,3602,0,2,0.0,0.0,143.4,161.0,0
485,6349454330,S&C,2021-12-06T06:54:59Z,WeightTraining,0.0,3390,3390,0,2,0.0,0.0,111.5,140.0,0
486,6341404751,Bristol Head,2021-12-04T10:46:02Z,Rowing,4168.0,1199,1199,3.3,8,3.476,3.942,121.9,138.0,26.6
487,6341404065,Row up,2021-12-04T08:21:25Z,Rowing,4270.5,1682,1639,5.2,5,2.606,3.49,147.7,173.0,19.3
488,6338855427,UT2,2021-12-03T16:57:33Z,Rowing,0.0,3696,3696,0,3,0.0,0.0,150.2,159.0,20.4
489,6337001570,S&C,2021-12-03T06:57:01Z,WeightTraining,0.0,3904,3904,0,2,0.0,0.0,116.2,143.0,0
490,6334804224,5k test,2021-12-02T17:20:58Z,Rowing,0.0,1213,1213,0,6,0.0,0.0,184.1,193.0,28.2
491,6330552628,2x,2021-12-01T14:41:27Z,Rowing,10769.8,4245,3807,8.5,6,2.829,4.065,137.1,163.0,20.6
492,6328816979,S&C,2021-12-01T06:58:25Z,WeightTraining,0.0,4196,4196,0,1,0.0,0.0,121.9,155.0,0
493,6326468832,5k prep,2021-11-30T17:17:04Z,Rowing,0.0,1521,1521,0,5,0.0,0.0,172.8,190.0,28.6
494,6324604629,Morning Run,2021-11-30T07:55:53Z,Run,8026.7,3103,2899,90.0,9,2.769,4.216,147.8,164.0,84.1
495,6322074624,UT2,2021-11-29T15:54:00Z,Rowing,0.0,3602,3602,0,1,0.0,0.0,157.7,168.0,20.1
496,6320525551,S&C,2021-11-29T07:07:20Z,WeightTraining,0.0,4376,4376,0,2,0.0,0.0,120.0,153.0,0
497,6314257679,UT2,2021-11-27T16:58:24Z,Rowing,0.0,3698,3698,0,2,0.0,0.0,152.1,161.0,20.2
498,6310082242,3x2k,2021-11-26T17:15:44Z,Rowing,0.0,2184,2184,0,3,0.0,0.0,164.9,192.0,23.6
499,6308429808,S&C,2021-11-26T06:56:06Z,WeightTraining,0.0,4957,4957,0,3,0.0,0.0,117.2,147.0,0
500,6306603285,12x1‚Äô on 1‚Äô off,2021-11-25T18:01:42Z,Rowing,0.0,1417,1417,0,0,0.0,0.0,165.0,184.0,29.8
501,6301725085,2x,2021-11-24T14:36:15Z,Rowing,13379.5,5988,4886,13.1,6,2.738,4.443,132.0,162.0,21.4
502,6299984565,S&C,2021-11-24T06:56:21Z,WeightTraining,0.0,4059,4059,0,4,0.0,0.0,125.5,157.0,0
503,6297572335,30r20,2021-11-23T17:18:09Z,Rowing,0.0,1822,1822,0,7,0.0,0.0,180.9,193.0,20.3
504,6295580467,Morning Run,2021-11-23T08:01:25Z,Run,8086.3,2995,2937,67.0,16,2.753,4.116,150.6,164.0,82.8
505,6292790913,UT2,2021-11-22T15:10:34Z,Rowing,0.0,3698,3698,0,4,0.0,0.0,151.5,160.0,20.1
506,6291296192,S&C,2021-11-22T06:53:59Z,WeightTraining,0.0,4500,4500,0,3,0.0,0.0,130.4,167.0,0
507,6286414355,2x,2021-11-21T07:19:10Z,Rowing,11438.3,4728,4222,5.2,5,2.709,4.243,130.8,154.0,19.5
508,6281733951,2x,2021-11-20T07:24:01Z,Rowing,8770.7,3923,3395,5.2,5,2.583,4.113,130.4,154.0,19.0
509,6279720493,3x1k,2021-11-19T17:17:12Z,Rowing,0.0,1419,1419,0,4,0.0,0.0,160.4,193.0,29.6
510,6277828357,S&C,2021-11-19T06:56:16Z,WeightTraining,0.0,4620,4620,0,4,0.0,0.0,123.4,167.0,0
511,6275544889,10x1‚Äô,2021-11-18T17:15:17Z,Rowing,0.0,1176,1176,0,4,0.0,0.0,161.0,178.0,22.8
512,6270898393,2-,2021-11-17T14:46:46Z,Rowing,11447.4,5985,5268,0.0,9,2.173,6.45,131.4,155.0,20.3
513,6269011200,S&C,2021-11-17T06:56:34Z,WeightTraining,0.0,4032,4032,0,4,0.0,0.0,127.4,165.0,0
514,6266605014,3x10‚Äô,2021-11-16T17:34:11Z,Rowing,0.0,2050,2050,0,2,0.0,0.0,173.5,192.0,20.6
515,6264397993,UT2,2021-11-16T07:10:47Z,Rowing,0.0,3696,3696,0,4,0.0,0.0,156.8,164.0,20.1
516,6260036552,S&C,2021-11-15T06:51:07Z,WeightTraining,0.0,5185,5185,0,2,0.0,0.0,126.7,156.0,0
517,6257123181,4x,2021-11-14T12:23:49Z,Rowing,13999.0,5958,4260,5.2,10,3.286,4.944,123.8,147.0,22.5
518,6251421068,Row back to quintin,2021-11-13T11:27:14Z,Rowing,7260.6,3672,3185,4.0,9,2.28,2.876,126.2,156.0,20.0
519,6251419166,Fours head 4+,2021-11-13T10:56:38Z,Rowing,7545.5,1710,1624,14.7,17,4.646,5.256,142.9,156.0,27.8
520,6248305146,3x2k,2021-11-12T17:17:03Z,Rowing,0.0,2186,2186,0,6,0.0,0.0,165.7,192.0,23.4
521,6246270195,S&C,2021-11-12T06:54:47Z,WeightTraining,0.0,4419,4419,0,2,0.0,0.0,115.3,138.0,0
522,6244068632,12x1‚Äô,2021-11-11T17:20:17Z,Rowing,0.0,1421,1421,0,5,0.0,0.0,169.2,187.0,28.8
523,6239075776,4+,2021-11-10T14:38:29Z,Rowing,13832.8,5821,4428,5.2,7,3.124,4.714,124.9,148.0,21.1
524,6237325236,S&C,2021-11-10T06:57:22Z,WeightTraining,0.0,4982,4982,0,6,0.0,0.0,124.9,161.0,0
525,6234757511,30r20,2021-11-09T17:21:29Z,Rowing,0.0,1811,1811,0,5,0.0,0.0,178.8,193.0,20.4
526,6232511778,Morning Run,2021-11-09T07:35:29Z,Run,7156.4,2766,2702,57.0,19,2.649,3.997,147.6,163.0,82.4
527,6229646783,UT2,2021-11-08T15:00:00Z,Rowing,0.0,3696,3696,0,1,0.0,0.0,154.6,167.0,20.2
528,6228135787,S&C,2021-11-08T06:53:30Z,WeightTraining,0.0,5301,5301,0,1,0.0,0.0,120.5,159.0,0
529,6215863473,2k,2021-11-05T17:29:43Z,Rowing,0.0,572,572,0,6,0.0,0.0,178.6,193.0,29.7
530,6213829121,S&C,2021-11-05T06:59:19Z,WeightTraining,0.0,3724,3724,0,1,0.0,0.0,119.2,154.0,0
531,6211175084,UT2,2021-11-04T15:22:36Z,Rowing,0.0,3097,3097,0,3,0.0,0.0,152.0,163.0,20.2
532,6206876436,2x,2021-11-03T15:37:09Z,Rowing,11040.8,4458,3817,2.4,12,2.893,4.756,120.2,141.0,19.7
533,6204894553,S&C,2021-11-03T06:54:24Z,WeightTraining,0.0,3121,3121,0,3,0.0,0.0,124.9,151.0,0
534,6202706777,2k prep,2021-11-02T18:14:42Z,Rowing,0.0,1486,1486,0,5,0.0,0.0,154.6,184.0,28.4
535,6200817804,Morning Run,2021-11-02T10:58:05Z,Run,7350.3,2581,2500,65.0,10,2.94,3.9,150.8,169.0,82.8
536,6197505709,S&C,2021-11-01T15:34:11Z,WeightTraining,0.0,2827,2827,0,1,0.0,0.0,118.8,150.0,0
537,6192691425,UTAH 8+,2021-10-31T13:30:18Z,Rowing,6652.2,3534,1868,0.0,10,3.561,4.98,128.3,151.0,26.0
538,6191656037,UTAH 4+,2021-10-31T10:31:55Z,Rowing,5647.1,3651,1834,0.0,6,3.079,3.924,123.9,145.0,24.2
539,6187024166,4+,2021-10-30T12:03:17Z,Rowing,11863.2,5093,3980,5.2,5,2.981,4.504,125.4,154.0,21.4
540,6184047660,UT2,2021-10-29T18:11:54Z,Rowing,0.0,3695,3695,0,4,0.0,0.0,153.5,163.0,20.1
541,6181747300,S&C,2021-10-29T06:51:39Z,WeightTraining,0.0,4483,4483,0,0,0.0,0.0,124.0,150.0,0
542,6179461608,3x2k,2021-10-28T17:19:28Z,Rowing,0.0,1831,1831,0,4,0.0,0.0,174.3,192.0,25.7
543,6177380414,Morning Run,2021-10-28T08:18:25Z,Run,8014.7,2779,2755,85.0,12,2.909,8.863,157.3,169.0,83.0
544,6174368890,8+,2021-10-27T14:27:58Z,Rowing,14845.5,6020,4761,0.0,13,3.118,4.772,129.4,166.0,20.4
545,6172551186,S&C,2021-10-27T06:55:15Z,WeightTraining,0.0,4531,4531,0,2,0.0,0.0,120.3,149.0,0
546,6170272711,2x15‚Äô,2021-10-26T18:19:15Z,Rowing,0.0,1909,1909,0,2,0.0,0.0,175.4,190.0,20.4
547,6164722295,UT2,2021-10-25T15:05:03Z,Rowing,0.0,3697,3697,0,5,0.0,0.0,155.1,163.0,20.1
548,6163174757,S&C,2021-10-25T06:53:16Z,WeightTraining,0.0,4337,4337,0,1,0.0,0.0,128.7,170.0,0
549,6161369135,Afternoon Run,2021-10-24T17:22:25Z,Run,8837.0,3224,3165,98.0,12,2.792,4.284,145.0,163.0,81.6
550,6152960407,2x,2021-10-23T07:34:38Z,Rowing,11613.2,4841,4589,5.2,7,2.531,4.292,124.0,152.0,19.8
551,6150806888,UT2,2021-10-22T17:05:07Z,Rowing,0.0,3698,3698,0,1,0.0,0.0,151.5,162.0,20.1
552,6148753484,S&C,2021-10-22T06:50:54Z,WeightTraining,0.0,4763,4763,0,5,0.0,0.0,122.5,154.0,0
553,6146607315,3x2k,2021-10-21T18:12:53Z,Rowing,0.0,1869,1869,0,8,0.0,0.0,173.3,192.0,25.4
554,6144539216,Morning Run,2021-10-21T09:12:18Z,Run,7333.7,2740,2701,61.0,15,2.715,4.028,152.3,166.0,83.6
555,6141468868,UT2,2021-10-20T15:48:00Z,Rowing,0.0,3697,3697,0,4,0.0,0.0,155.1,163.0,20.2
556,6139612292,S&C,2021-10-20T07:07:53Z,WeightTraining,0.0,3889,3889,0,4,0.0,0.0,125.9,171.0,0
557,6137205144,30r20,2021-10-19T18:23:19Z,Rowing,0.0,1815,1815,0,4,0.0,0.0,179.8,192.0,20.4
558,6134620285,4+,2021-10-19T07:09:04Z,Rowing,8250.6,3235,2994,5.1,9,2.756,3.8,123.6,158.0,18.8
559,6131572376,UT2,2021-10-18T15:06:23Z,Rowing,0.0,3697,3697,0,4,0.0,0.0,156.4,164.0,20.1
560,6130011667,S&C,2021-10-18T06:54:53Z,WeightTraining,0.0,4243,4243,0,7,0.0,0.0,132.5,157.0,0
561,6119471811,8+,2021-10-16T07:10:17Z,Rowing,11762.7,4664,4114,5.2,5,2.859,4.4,120.7,140.0,20.4
562,6117278946,UT2,2021-10-15T17:02:48Z,Rowing,0.0,3690,3690,0,4,0.0,0.0,156.0,162.0,20.2
563,6115160364,S&C,2021-10-15T06:52:19Z,WeightTraining,0.0,4545,4545,0,2,0.0,0.0,122.9,152.0,0
564,6113003947,3x10‚Äô r20 r90s,2021-10-14T18:17:02Z,Rowing,0.0,2009,2009,0,4,0.0,0.0,173.9,190.0,20.5
565,6110525804,8+,2021-10-14T07:00:53Z,Rowing,8755.8,3641,3138,5.2,11,2.79,4.1,120.8,155.0,18.4
566,6107429437,4+,2021-10-13T14:40:36Z,Rowing,8156.1,3827,3089,0.0,6,2.64,3.9,126.3,157.0,17.8
567,6105680616,S&C,2021-10-13T07:00:09Z,WeightTraining,0.0,4070,4070,0,2,0.0,0.0,128.7,174.0,0
568,6100705416,Water session replacement,2021-10-12T08:06:19Z,Run,8112.3,2607,2589,66.0,7,3.133,4.6,162.5,171.0,83.5
569,6097714842,UT2,2021-10-11T15:49:23Z,Rowing,0.0,3698,3698,0,0,0.0,0.0,152.6,161.0,20.2
570,6095901042,S&C,2021-10-11T06:55:02Z,WeightTraining,0.0,4305,4305,0,2,0.0,0.0,142.8,178.0,0
571,6092911434,LTR run,2021-10-10T14:30:43Z,Run,2169.1,843,821,16.0,2,2.642,3.6,146.4,164.0,82.9
572,6092494063,LTR run,2021-10-10T13:39:52Z,Run,2963.2,1137,1085,26.0,4,2.731,3.7,151.5,173.0,81.7
573,6088487807,60‚Äô easy,2021-10-09T17:28:03Z,Run,10047.5,3656,3602,104.0,9,2.789,4.0,147.9,161.0,82.8
574,6085125547,4+,2021-10-09T07:11:18Z,Rowing,5088.5,2816,2521,0.0,4,2.018,3.8,114.5,150.0,19.9
575,6082860124,3x2k,2021-10-08T17:17:43Z,Rowing,0.0,1770,1770,0,1,0.0,0.0,175.3,191.0,22.1
576,6080719915,S&C,2021-10-08T06:50:58Z,WeightTraining,0.0,5592,5592,0,1,0.0,0.0,131.3,169.0,0
577,6078512227,UT2,2021-10-07T18:06:48Z,Rowing,0.0,3726,3726,0,4,0.0,0.0,161.5,175.0,20.1
578,6075791326,4+,2021-10-07T07:03:32Z,Rowing,6001.1,2991,2818,0.0,5,2.13,4.1,119.0,149.0,18.9
579,6072630057,8+ üòÆ,2021-10-06T14:37:25Z,Rowing,7552.5,4062,3574,0.0,8,2.113,4.3,118.1,141.0,18.7
580,6070797004,S&C,2021-10-06T06:52:50Z,WeightTraining,0.0,4283,4283,0,2,0.0,0.0,124.8,158.0,0
581,6068389712,30r20,2021-10-05T18:32:47Z,Rowing,0.0,1753,1753,0,4,0.0,0.0,184.0,193.0,20.3
582,6065666908,4x,2021-10-05T07:04:08Z,Rowing,4474.4,2875,2605,0.0,1,1.718,4.1,122.6,153.0,18.9
583,6063091806,Afternoon Run,2021-10-04T16:57:32Z,Run,10434.4,3448,3426,75.0,1,3.046,4.3,162.9,183.0,83.8
584,6060991486,Return to UBBC,2021-10-04T06:48:47Z,WeightTraining,0.0,4568,4568,0,8,0.0,0.0,149.3,178.0,0
585,6051657730,Lunch Activity,2021-10-02T11:21:31Z,WeightTraining,0.0,4039,4039,0,0,0.0,0.0,109.9,134.0,0
586,6041303361,Morning Run,2021-09-30T07:25:14Z,Run,5036.6,1924,1920,57.0,0,2.623,4.0,151.7,163.0,82.5
587,6038404804,Afternoon Activity,2021-09-29T16:39:04Z,Rowing,0.0,1788,1788,0,0,0.0,0.0,171.7,188.0,22.3
588,6036451470,Morning Activity,2021-09-29T07:37:06Z,WeightTraining,0.0,3921,3921,0,0,0.0,0.0,138.2,174.0,0
589,6033351573,Afternoon Run,2021-09-28T16:53:54Z,Run,6324.7,2289,2278,96.0,0,2.776,4.5,155.5,176.0,83.0
590,6031074478,Morning Activity,2021-09-28T07:38:05Z,Rowing,0.0,3096,3096,0,0,0.0,0.0,160.3,171.0,19.9
591,6028221499,Afternoon Run,2021-09-27T17:03:19Z,Run,8396.9,2708,2701,62.0,0,3.109,4.8,166.7,184.0,83.1
592,6026265431,Morning Activity,2021-09-27T08:00:52Z,WeightTraining,0.0,3729,3729,0,0,0.0,0.0,124.3,152.0,0
593,6015199139,Morning Activity,2021-09-25T09:02:12Z,WeightTraining,0.0,4575,4575,0,0,0.0,0.0,129.7,175.0,0
594,6012489587,Afternoon Activity,2021-09-24T17:42:05Z,Rowing,0.0,2558,2558,0,0,0.0,0.0,157.4,169.0,19.9
595,6010433507,Morning Run,2021-09-24T09:38:01Z,Run,6010.2,2341,1979,51.0,0,3.037,4.1,169.5,181.0,82.4
596,6001135837,Weights,2021-09-22T13:14:04Z,WeightTraining,0.0,3696,3696,0,0,0.0,0.0,128.6,172.0,0
597,5970029106,Afternoon Run,2021-09-16T15:49:26Z,Run,5006.9,2020,1716,112.0,6,2.918,4.2,160.5,178.0,83.0
598,5963257215,Legs,2021-09-15T09:33:37Z,WeightTraining,0.0,4445,4445,0,0,0.0,0.0,115.4,155.0,0
599,5960139774,Afternoon Ride,2021-09-14T17:46:37Z,Ride,0.0,3603,3603,0,0,0.0,0.0,146.4,160.0,0
600,5957837361,Morning Run,2021-09-14T10:22:37Z,Run,8034.3,2703,2657,66.0,8,3.024,4.3,164.0,180.0,83.5
601,5952292832,Uppers,2021-09-13T07:58:05Z,WeightTraining,0.0,3557,3557,0,1,0.0,0.0,121.4,149.0,0
602,5949843171,Afternoon Run,2021-09-12T17:05:16Z,Run,8099.8,2840,2792,94.0,7,2.901,4.2,158.9,176.0,82.7
603,5936242057,Full body,2021-09-10T10:08:16Z,WeightTraining,0.0,3944,3944,0,1,0.0,0.0,97.4,140.0,0
604,5933557855,Evening Run,2021-09-09T19:03:28Z,Run,5738.4,1983,1971,45.0,12,2.911,4.7,152.8,166.0,83.3
605,5925130710,Lowers,2021-09-08T07:48:02Z,WeightTraining,0.0,3870,3870,0,1,0.0,0.0,135.9,168.0,0
606,5919261607,Morning Swim,2021-09-07T07:35:47Z,Swim,2950.0,3315,3060,0,10,0.964,5.4,150.9,173.0,0
607,5916416892,Afternoon Ride,2021-09-06T17:26:59Z,Ride,0.0,3604,3604,0,0,0.0,0.0,139.3,154.0,0
608,5914023206,Uppers,2021-09-06T08:28:48Z,WeightTraining,0.0,3870,3870,0,2,0.0,0.0,118.4,146.0,0
609,5909557339,Lunch Run,2021-09-05T11:31:02Z,Run,18106.2,5949,5948,64.0,20,3.044,5.1,169.4,180.0,85.0
610,5902842030,Full body,2021-09-04T10:22:41Z,WeightTraining,0.0,3535,3535,0,4,0.0,0.0,125.0,164.0,0
611,5897233161,Chichester plod,2021-09-03T07:47:37Z,Run,8135.1,3250,2742,39.0,13,2.967,4.7,156.9,174.0,84.4
612,5887352825,Lunch Run,2021-09-01T12:16:24Z,Run,6809.5,2243,2243,16.0,13,3.036,3.9,161.5,170.0,84.3
613,5876408579,Bank holiday long run,2021-08-30T10:49:39Z,Run,16194.2,5060,5054,32.0,18,3.204,4.2,172.6,182.0,84.8
614,5867788811,Short and sharp,2021-08-28T17:41:14Z,Run,4260.5,1143,1143,6.0,9,3.727,4.4,157.2,195.0,84.6
615,5860542431,Morning Run,2021-08-27T10:35:24Z,Run,8128.2,2694,2654,92.0,11,3.063,4.3,168.8,180.0,84.0
616,5857957916,Rowing,2021-08-26T18:21:35Z,Rowing,7006.8,4148,2647,0.0,7,2.647,4.7,132.0,168.0,21.3
617,5840951169,Afternoon Run,2021-08-23T17:41:31Z,Run,16136.3,5239,5207,143.0,16,3.099,4.2,168.6,179.0,84.5
618,5833214803,Morning Ride,2021-08-22T09:49:01Z,Ride,0.0,3746,3746,0,0,0.0,0.0,123.8,146.0,0
619,5826994239,Morning Run,2021-08-21T08:20:42Z,Run,6863.0,2539,2527,27.0,5,2.716,3.8,151.7,162.0,84.1
620,5824709663,2x15‚Äô erg,2021-08-20T18:22:28Z,Rowing,0.0,1930,1930,0,3,0.0,0.0,158.5,170.0,19.8
621,5823193895,Legs,2021-08-20T12:15:10Z,WeightTraining,0.0,4783,4783,0,1,0.0,0.0,126.5,175.0,0
622,5817437015,Morning Ride,2021-08-19T10:48:01Z,Ride,0.0,4500,4500,0,2,0.0,0.0,147.0,161.0,0
623,5811449118,Uppers,2021-08-18T08:51:51Z,WeightTraining,0.0,3935,3935,0,2,0.0,0.0,108.7,146.0,0
624,5809156487,Evening Run,2021-08-17T20:00:27Z,Run,10203.2,2888,2881,73.0,16,3.542,5.2,182.8,193.0,83.3
625,5768881345,Lunch Ride,2021-08-10T12:11:25Z,Ride,0.0,3604,3604,0,3,0.0,0.0,154.1,167.0,0
626,5763206952,Lunch Run,2021-08-09T11:56:06Z,Run,8018.4,2361,2357,58.0,13,3.402,4.6,182.7,193.0,84.6
627,5758069126,Legs,2021-08-08T11:34:54Z,WeightTraining,0.0,3839,3839,0,2,0.0,0.0,128.6,171.0,0
628,5754554646,Afternoon Run,2021-08-07T17:06:54Z,Run,13105.0,4269,4230,142.0,11,3.098,5.7,170.4,192.0,83.2
629,5752576261,Uppers,2021-08-07T11:24:09Z,WeightTraining,0.0,4087,4087,0,1,0.0,0.0,116.3,154.0,0
630,5747613972,Lunch Ride,2021-08-06T11:29:29Z,Ride,19676.8,4937,4060,238.0,10,4.847,9.5,123.3,166.0,0
631,5741972727,Morning Run,2021-08-05T10:18:12Z,Run,8062.6,2791,2721,97.0,11,2.963,4.5,163.1,175.0,82.9
632,5739204978,Weights,2021-08-04T18:42:00Z,WeightTraining,0.0,3705,3705,0,0,0.0,0.0,118.5,147.0,0
633,5733609534,Evening Run,2021-08-03T18:42:58Z,Run,8348.8,3484,3453,72.0,9,2.418,6.8,146.9,173.0,79.3
634,5730249800,Morning Swim,2021-08-03T07:40:26Z,Swim,2500.0,2824,2593,0,4,0.964,6.4,159.4,184.0,0
635,5725583273,Lowers,2021-08-02T10:47:46Z,WeightTraining,0.0,4205,4205,0,1,0.0,0.0,126.5,168.0,0
636,5723032731,Evening Run,2021-08-01T18:39:53Z,Run,8093.6,2449,2449,64.0,14,3.305,4.2,172.8,181.0,83.8
637,5720201395,Uppers,2021-08-01T10:10:31Z,WeightTraining,0.0,3320,3320,0,1,0.0,0.0,111.1,153.0,0
638,5706531503,Ben Nevis!,2021-07-29T10:32:23Z,Hike,16108.9,21638,17348,1379.0,20,0.929,2.2,110.6,161.0,52.2
639,5694531342,Morning Hike,2021-07-27T10:10:56Z,Hike,4416.7,7628,5214,451.0,17,0.847,5.3,112.4,150.0,53.9
640,5686343153,Leg day,2021-07-25T17:25:44Z,WeightTraining,0.0,4723,4723,0,1,0.0,0.0,121.9,171.0,0
641,5683109173,Morning Swim,2021-07-25T09:03:49Z,Swim,2500.0,2998,2679,0,3,0.933,3.9,137.5,162.0,0
642,5681058666,Evening Run,2021-07-24T19:47:53Z,Run,6479.1,2007,1995,61.0,11,3.248,5.1,165.2,176.0,83.8
643,5679779177,Full body,2021-07-24T15:10:27Z,WeightTraining,0.0,3697,3697,0,1,0.0,0.0,118.9,153.0,0
644,5675048401,Afternoon Ride,2021-07-23T17:22:38Z,Ride,0.0,3612,3612,0,4,0.0,0.0,140.6,165.0,0
645,5668175078,Uppers,2021-07-22T11:23:32Z,WeightTraining,0.0,3722,3722,0,3,0.0,0.0,106.2,146.0,0
646,5663196838,Legs,2021-07-21T12:56:14Z,WeightTraining,0.0,4324,4324,0,4,0.0,0.0,131.5,175.0,0
647,5656768003,Morning Ride,2021-07-20T10:28:38Z,Ride,0.0,3601,3601,0,3,0.0,0.0,149.9,166.0,0
648,5651054245,Morning Run,2021-07-19T07:47:09Z,Run,12004.7,3794,3787,68.0,16,3.17,5.0,174.8,191.0,84.4
649,5646232299,Full body weights,2021-07-18T10:12:45Z,WeightTraining,0.0,4655,4655,0,3,0.0,0.0,132.8,171.0,0
650,5639854700,Morning Swim,2021-07-17T07:58:48Z,Swim,2875.0,3122,2885,0,3,0.997,5.8,148.5,180.0,0
651,5637500989,Afternoon Run,2021-07-16T17:45:17Z,Run,6567.3,1946,1941,55.0,18,3.383,4.4,171.5,186.0,83.3
652,5631526555,Bosham and back,2021-07-15T12:08:25Z,Ride,15065.4,10197,3409,36.0,4,4.419,8.8,112.7,137.0,0
653,5625365434,Leg day,2021-07-14T10:30:14Z,WeightTraining,0.0,4460,4460,0,1,0.0,0.0,122.1,155.0,0
654,5619521976,Morning Run,2021-07-13T09:16:20Z,Run,9158.5,3080,2911,21.0,11,3.146,4.6,158.8,192.0,83.7
655,5614371485,Full body,2021-07-12T08:20:13Z,WeightTraining,0.0,3089,3089,0,0,0.0,0.0,110.5,150.0,0
656,5609005025,Wattbike,2021-07-11T09:53:39Z,Ride,0.0,1266,1266,0,4,0.0,0.0,164.3,188.0,0
657,5603423206,Lowers,2021-07-10T09:20:31Z,WeightTraining,0.0,3428,3428,0,3,0.0,0.0,122.7,166.0,0
658,5599222307,Wattbike,2021-07-09T12:08:03Z,Ride,0.0,3002,3002,0,3,0.0,0.0,138.3,161.0,0
659,5595233066,Uppers,2021-07-08T15:47:07Z,WeightTraining,0.0,3405,3405,0,3,0.0,0.0,108.4,137.0,0
660,5593936743,Lunch Run,2021-07-08T11:06:52Z,Run,8030.6,2880,2721,91.0,11,2.951,4.6,162.7,174.0,83.6
661,5588908528,Lunch Swim,2021-07-07T11:59:39Z,Swim,2650.0,2968,2560,0,2,1.035,10.6,158.3,195.0,0
662,5585373369,Evening Run,2021-07-06T18:16:59Z,Run,5844.8,2049,1999,56.0,9,2.924,4.5,145.9,168.0,83.1
663,5573104959,Lunch Activity,2021-07-04T12:12:43Z,Rowing,1270.8,371,311,0.0,3,4.086,4.7,139.0,165.0,34.8
664,5573104135,Lunch Activity,2021-07-04T11:39:18Z,Rowing,2702.5,1225,1091,0.0,1,2.477,5.1,128.5,147.0,22.9
665,5569695811,Evening Activity,2021-07-03T18:21:28Z,Rowing,1267.3,365,327,0.0,1,3.876,4.6,139.8,153.0,34.0
666,5569663720,Afternoon Activity,2021-07-03T17:47:08Z,Rowing,2897.7,1188,1109,0.0,1,2.613,5.4,130.9,161.0,22.4
667,5567674328,Lunch Activity,2021-07-03T12:41:58Z,Rowing,1309.1,387,344,0.0,3,3.806,5.1,168.0,177.0,33.4
668,5567673717,Lunch Activity,2021-07-03T12:01:06Z,Rowing,2817.7,1212,1130,0.0,3,2.494,5.0,131.8,150.0,22.8
669,5562647798,Lunch Activity,2021-07-02T12:34:02Z,Rowing,1285.3,329,329,0.0,5,3.907,4.4,132.0,142.0,33.1
670,5562647621,Lunch Activity,2021-07-02T11:54:07Z,Rowing,2090.2,952,867,0.0,5,2.411,5.0,138.3,164.0,20.9
671,5556883495,Morning Activity,2021-07-01T08:57:21Z,Rowing,5487.8,2257,2096,0.0,4,2.618,5.2,125.6,159.0,21.4
672,5551816550,Morning Activity,2021-06-30T08:33:22Z,Rowing,7273.4,3787,2269,0.0,7,3.206,4.9,129.6,164.0,25.3
673,5546410798,Morning Activity,2021-06-29T07:01:46Z,Rowing,10131.0,5158,3195,0.0,3,3.171,5.2,126.7,150.0,24.5
674,5541810400,Morning Activity,2021-06-28T09:29:35Z,Rowing,9754.5,4438,2983,0.0,5,3.27,4.8,124.9,163.0,24.3
675,5536241512,Morning Activity,2021-06-27T09:50:37Z,Rowing,5562.0,2254,1668,0.0,5,3.335,4.7,129.9,164.0,26.7
676,5535788238,Morning Activity,2021-06-27T08:21:22Z,Rowing,8691.0,3325,2980,5.0,4,2.916,4.4,129.2,156.0,21.5
677,5530784855,Morning Activity,2021-06-26T09:34:27Z,Rowing,11770.6,4823,3931,5.0,6,2.994,4.5,121.0,157.0,23.3
678,5530172240,Morning Activity,2021-06-26T07:54:30Z,Rowing,8600.8,3072,3009,2.3,5,2.858,6.5,127.3,156.0,21.2
679,5526005939,Morning Activity,2021-06-25T09:57:43Z,Rowing,8572.5,4567,2950,0.0,4,2.906,4.5,119.5,156.0,23.6
680,5522973230,Evening Run,2021-06-24T18:11:58Z,Run,7178.3,2375,2296,61.0,6,3.126,4.7,158.5,171.0,83.0
681,5516046446,Lunch Activity,2021-06-23T12:07:50Z,Rowing,8106.6,3837,3022,0.0,4,2.683,3.9,113.4,145.0,20.4
682,5515524377,Morning Activity,2021-06-23T10:31:37Z,Rowing,5754.3,3224,2764,0.0,2,2.082,3.9,111.8,151.0,22.7
683,5509435061,Morning Activity,2021-06-22T06:50:15Z,Rowing,10355.6,4067,3368,5.0,8,3.075,4.5,129.6,160.0,23.0
684,5507646242,Afternoon Activity,2021-06-21T17:16:48Z,Rowing,10850.9,5367,3926,5.0,3,2.764,5.4,126.9,160.0,20.2
685,5496931727,Afternoon Ride,2021-06-19T15:49:54Z,Ride,44879.0,11822,9533,393.0,11,4.708,11.7,120.3,151.0,0
686,5490515443,Afternoon Run,2021-06-18T15:09:16Z,Run,4615.3,1572,1567,59.0,3,2.945,4.3,155.9,181.0,83.1
687,5480752866,Afternoon Run,2021-06-16T17:40:07Z,Run,5649.1,1914,1871,49.0,5,3.019,5.2,161.0,175.0,83.3
688,5447040004,Afternoon Run,2021-06-10T16:49:11Z,Run,5275.9,1735,1735,13.0,8,3.041,5.1,157.6,169.0,83.1
689,5441135590,Afternoon Activity,2021-06-09T15:00:05Z,Rowing,10004.4,5075,4051,0.0,3,2.47,5.1,119.1,155.0,20.9
690,5422788029,MET final (in quad),2021-06-06T11:47:22Z,Rowing,2065.0,504,488,0.0,8,4.232,4.8,137.5,148.0,31.5
691,5419055041,MET final,2021-06-05T17:58:35Z,Rowing,2055.5,492,471,0.0,13,4.364,5.2,165.0,175.0,34.0
692,5419054412,MET warm up,2021-06-05T17:09:37Z,Rowing,3370.6,1679,1477,2.0,5,2.282,4.0,138.4,165.0,22.3
693,5417751852,MET regatta TT,2021-06-05T14:50:42Z,Rowing,2196.0,662,625,0.0,6,3.514,5.1,170.9,184.0,32.1
694,5404720473,Morning Activity,2021-06-03T06:56:50Z,Rowing,9506.2,3542,3361,0.0,5,2.828,5.3,140.5,165.0,23.3
695,5390414928,Evening Run,2021-05-31T18:43:18Z,Run,5341.5,1849,1753,9.0,10,3.047,4.0,151.0,180.0,83.0
696,5381003956,Morning Activity,2021-05-30T06:56:50Z,Rowing,12332.8,5595,4497,0.0,6,2.742,5.2,124.7,166.0,24.3
697,5375293480,Rowing,2021-05-29T07:07:42Z,Rowing,15015.6,5498,5170,5.0,10,2.904,4.4,119.7,148.0,20.7
698,5249791742,Morning Single,2021-05-06T07:06:00Z,Rowing,0.0,3217,3217,0,6,0.0,0.0,158.6,170.0,18.4
699,5246269149,Single,2021-05-05T14:26:03Z,Rowing,0.0,4994,4994,0,6,0.0,0.0,147.4,172.0,19.2
700,5239051721,3 x 1k,2021-05-04T06:56:10Z,Rowing,0.0,3650,3650,0,18,0.0,0.0,138.4,171.0,22.2
701,5229759380,LTR run group 2,2021-05-02T13:34:34Z,Run,2418.8,1055,1055,0,9,2.293,3.4,149.7,177.0,82.5
702,5229271868,LTR run,2021-05-02T12:24:42Z,Run,2402.2,971,971,0,7,2.474,3.1,137.2,158.0,78.0
703,5227476297,Rowing,2021-05-02T07:12:20Z,Rowing,0.0,4264,4264,0,4,0.0,0.0,122.9,140.0,20.5
704,5199684532,Rowing,2021-04-27T06:59:59Z,Rowing,0.0,3555,3555,0,2,0.0,0.0,123.9,151.0,20.7
705,5187678060,Rowing,2021-04-25T07:22:09Z,Rowing,11485.5,4511,3905,8.1,9,2.941,4.7,132.9,167.0,20.8
706,5181456544,Rowing,2021-04-24T07:30:08Z,Rowing,11858.0,4768,4137,5.0,10,2.866,4.7,123.7,157.0,21.5
707,5179654617,Run to car,2021-04-23T19:42:11Z,Run,1864.1,756,715,25.0,3,2.607,3.8,151.9,169.0,82.7
708,5167025132,Afternoon Activity,2021-04-21T14:29:55Z,Rowing,11031.6,5098,4453,0.0,10,2.477,4.5,120.0,157.0,20.5
709,5158591496,Morning Activity,2021-04-20T07:00:16Z,Rowing,8596.4,3304,3181,8.1,13,2.702,4.1,129.9,150.0,20.9
710,5155247469,Afternoon Run,2021-04-19T16:25:17Z,Run,8752.4,2918,2703,71.0,18,3.238,5.8,152.8,180.0,83.7
711,5146343332,Morning Activity,2021-04-18T07:31:11Z,Rowing,12203.6,5034,4414,0.0,16,2.765,4.1,116.6,142.0,19.3
712,5140112403,Rowing,2021-04-17T07:27:23Z,Rowing,11443.4,4899,4372,5.0,13,2.617,4.2,137.4,162.0,18.7
713,5137988709,Evening Run,2021-04-16T18:43:03Z,Run,3414.4,1370,1255,62.0,10,2.721,4.3,149.4,178.0,82.7
714,5126934083,Evening Run,2021-04-14T18:03:34Z,Run,9298.3,2818,2749,16.0,18,3.382,4.0,164.2,193.0,84.4
715,5103646796,Recovery run,2021-04-10T17:55:25Z,Run,6363.7,2003,1997,49.0,14,3.187,4.2,163.4,193.0,84.5
716,5089799859,Lunch Run,2021-04-08T12:02:53Z,Run,7506.8,2330,2196,79.6,13,3.418,4.8,0,0,0
717,5083565327,Rowing ,2021-04-07T09:13:12Z,Rowing,0.0,4260,4260,0,14,0.0,0.0,133.1,155.0,21.4
718,5083166037,Rowing,2021-04-07T07:28:23Z,Rowing,0.0,3069,3069,0,7,0.0,0.0,121.7,149.0,21.2
719,5078011238,Rowing,2021-04-06T09:22:12Z,Rowing,0.0,4223,4223,0,16,0.0,0.0,121.3,148.0,21.9
720,5072030556,Rowing,2021-04-05T09:18:18Z,Rowing,8840.6,3214,3090,5.0,14,2.861,3.8,119.8,140.0,20.1
721,5071577608,Rowing,2021-04-05T07:27:43Z,Rowing,6401.1,3171,2954,0.0,9,2.167,4.3,127.3,148.0,18.9
722,5067481717,Lunch Run,2021-04-04T12:28:47Z,Run,13777.7,4604,4398,149.0,23,3.133,5.9,162.6,193.0,83.4
723,5054099931,Rowing,2021-04-02T09:50:23Z,Rowing,5009.9,3532,2520,0.0,14,1.988,3.6,125.6,151.0,19.9
724,5053364082,Rowing,2021-04-02T07:28:28Z,Rowing,6164.9,3149,3073,0.0,11,2.006,3.6,121.2,146.0,19.9
725,5048241450,Rowing,2021-04-01T09:15:09Z,Rowing,8809.6,3481,3481,5.0,16,2.531,3.7,125.6,161.0,16.9
726,5047866855,Rowing,2021-04-01T07:34:47Z,Rowing,6472.4,2933,2798,0.0,11,2.313,4.8,130.6,157.0,16.3
727,5042254454,Rowing,2021-03-31T09:00:57Z,Rowing,8802.9,3837,3641,5.0,16,2.418,3.7,131.6,162.0,16.6
728,5035775148,Rowing,2021-03-30T09:05:51Z,Rowing,8877.1,3767,3507,5.0,12,2.531,3.6,135.8,172.0,18.4
729,5035380481,Rowing,2021-03-30T07:29:37Z,Rowing,6012.4,3152,2906,0.0,10,2.069,3.6,124.0,146.0,19.1
730,5032927825,Evening Run,2021-03-29T18:33:43Z,Run,7438.3,2545,2364,88.0,16,3.146,4.9,151.6,184.0,82.8
731,5030070031,Second session,2021-03-29T09:27:45Z,Rowing,6726.2,3678,2882,0.0,17,2.334,3.5,122.8,152.0,17.8
732,5029665409,Rowing!!!,2021-03-29T07:39:43Z,Rowing,5258.6,3255,2787,0.0,19,1.887,3.9,123.6,150.0,18.6
733,5018059071,Morning Ride,2021-03-27T08:08:25Z,Ride,36771.4,11660,6486,366.0,24,5.669,16.0,119.2,151.0,0
734,5008335801,Easy run,2021-03-25T14:18:17Z,Run,10119.4,3696,3608,95.0,28,2.805,5.6,154.5,179.0,82.9
735,4997350066,Screen break,2021-03-23T17:13:24Z,Run,5596.5,1752,1743,19.0,18,3.211,7.2,162.7,187.0,84.0
736,4984488467,#BristolUniRun 5k,2021-03-21T12:46:37Z,Run,5032.2,1333,1308,26.0,31,3.847,5.8,169.7,194.0,86.0
737,4963085738,Never gets old,2021-03-17T17:08:05Z,Run,5777.7,1934,1809,21.0,19,3.194,4.6,153.2,180.0,83.3
738,4957386807,Afternoon Ride,2021-03-16T16:49:17Z,Ride,0.0,3601,3601,0,9,0.0,0.0,136.9,147.0,0
739,4951675207,"More mini eggs, more speed",2021-03-15T16:44:18Z,Run,5042.0,1309,1309,12.0,23,3.852,6.2,156.7,196.0,85.3
740,4943274002,Morning Run,2021-03-14T07:24:13Z,Run,10061.4,3207,3207,117.0,24,3.137,6.3,160.8,192.0,85.6
741,4929810235,Afternoon Run,2021-03-11T16:47:17Z,Run,5404.5,1622,1581,38.0,25,3.418,7.3,153.3,183.0,84.1
742,4919371332,Easy run,2021-03-09T17:34:01Z,Run,5681.2,1762,1748,28.0,22,3.25,8.1,157.7,189.0,83.6
743,4904764406,Morning Run,2021-03-07T09:37:32Z,Run,8232.2,2497,2484,106.0,21,3.314,4.6,171.3,190.0,85.4
744,4898346195,Another failed bike ride,2021-03-06T09:10:19Z,Ride,12926.1,2579,2211,83.0,15,5.846,9.4,131.8,167.0,0
745,4895265276,Mini eggs give you speed,2021-03-05T16:48:56Z,Run,5506.0,1560,1526,21.0,19,3.608,5.9,158.6,194.0,85.0
746,4872046253,Afternoon Run,2021-03-01T15:32:18Z,Run,6214.5,1912,1901,45.0,25,3.269,5.4,156.5,178.0,84.8
747,4861003556,Afternoon Ride,2021-02-27T17:17:07Z,Ride,0.0,5455,5455,0,7,0.0,0.0,137.4,159.0,0
748,4856636645,Morning Run,2021-02-27T07:34:18Z,Run,6302.3,1962,1962,49.0,14,3.212,4.4,168.2,194.0,85.3
749,4848706813,Afternoon Run,2021-02-25T16:54:44Z,Run,6432.2,2170,2048,57.0,18,3.141,5.5,153.9,182.0,84.1
750,4837467850,Evening Run,2021-02-23T18:39:53Z,Run,5249.9,1724,1720,48.0,17,3.052,5.5,151.5,172.0,82.7
751,4827143400,Recovery bike,2021-02-21T20:03:52Z,Ride,0.0,2700,2700,0,4,0.0,0.0,123.5,136.0,0
752,4823447897,Lunch Run,2021-02-21T11:55:57Z,Run,3777.9,1190,1181,45.0,11,3.199,4.8,162.1,182.0,84.3
753,4805822883,Morning Ride,2021-02-18T08:28:28Z,Ride,0.0,5398,5398,0,4,0.0,0.0,148.5,162.0,0
754,4800630128,Morning Ride,2021-02-17T09:17:14Z,Ride,0.0,5116,5116,0,7,0.0,0.0,146.3,160.0,0
755,4779041815,Failed bike ride,2021-02-13T08:41:23Z,Ride,12738.1,3853,2183,179.0,15,5.835,13.7,116.5,150.0,0
756,4771341525,Tempo run,2021-02-11T16:29:20Z,Run,8014.9,2152,2152,49.0,15,3.724,4.8,158.5,181.0,86.1
757,4760924679,Bristol has never been this cold before,2021-02-09T16:16:53Z,Run,10562.7,3518,3447,189.0,26,3.064,5.0,155.2,180.0,84.2
758,4748965823,Morning Run,2021-02-07T10:14:27Z,Run,9099.4,3138,3131,100.0,18,2.906,5.1,153.1,182.0,83.1
759,4744243815,Morning Ride,2021-02-06T10:59:40Z,Ride,51757.9,11341,8319,222.0,23,6.222,24.5,123.5,162.0,0
760,4734997330,Evening Run,2021-02-04T19:03:42Z,Run,7616.3,2136,2136,12.0,18,3.566,5.0,161.9,193.0,84.8
761,4722849016,Got lost and it rained,2021-02-02T16:05:58Z,Run,8425.1,3191,2742,84.0,21,3.073,5.6,150.1,174.0,83.0
762,4712530821,Snow in my eyes,2021-01-31T15:45:52Z,Run,5656.4,1712,1695,75.0,15,3.337,5.4,153.7,179.0,84.3
763,4705216274,Lunch Ride,2021-01-30T11:43:41Z,Ride,43420.8,9198,7618,579.0,27,5.7,13.1,133.5,172.0,0
764,4695777550,Afternoon Run,2021-01-28T17:07:41Z,Run,4800.2,1310,1307,9.0,12,3.673,6.0,160.0,184.0,84.2
765,4679488006,To paradise bottom,2021-01-25T15:08:16Z,Run,8525.8,3599,2846,153.0,18,2.996,5.3,150.8,185.0,84.9
766,4666927250,Pre erg,2021-01-23T12:08:58Z,Run,2052.1,657,652,35.0,7,3.147,4.9,168.4,177.0,83.4
767,4657006144,Post exam 2,2021-01-21T13:24:46Z,Run,7635.3,2677,2460,65.0,22,3.104,8.8,164.5,189.0,83.4
768,4654573708,Afternoon Ride,2021-01-20T16:33:46Z,Ride,0.0,4201,4201,0,6,0.0,0.0,143.6,156.0,0
769,4647509664,Post exam,2021-01-19T16:38:12Z,Run,5352.3,1609,1600,28.0,21,3.345,6.2,169.9,191.0,82.9
770,4634545679,No pain!!,2021-01-17T10:50:07Z,Run,6101.1,1880,1848,75.0,18,3.301,5.4,165.5,197.0,84.2
771,4627768541,Morning Ride,2021-01-16T08:03:11Z,Ride,0.0,4500,4500,0,16,0.0,0.0,145.2,156.0,0
772,4619116590,Afternoon Run,2021-01-14T13:14:07Z,Run,4694.6,1463,1438,11.0,15,3.265,5.0,155.8,181.0,84.1
773,4613091843,Morning Ride,2021-01-13T09:44:14Z,Ride,0.0,3636,3636,0,8,0.0,0.0,148.9,165.0,0
774,4607283698,Morning Run,2021-01-12T08:09:28Z,Run,5426.4,1793,1732,68.0,13,3.133,4.3,165.7,192.0,83.6
775,4605291959,Evening Ride,2021-01-11T18:28:44Z,Ride,0.0,5157,5157,0,8,0.0,0.0,150.3,163.0,0
776,4591724140,Lunch Ride,2021-01-09T12:25:38Z,Ride,0.0,3018,3018,0,4,0.0,0.0,156.1,173.0,0
777,5225885266,Morning Run,2021-01-09T08:27:59Z,Run,0.0,5,5,0,0,0.0,0.0,58.6,59.0,0
778,5225885268,Morning Run,2021-01-09T08:22:12Z,Run,0.0,41,41,0,0,0.0,0.0,70.1,75.0,0
779,5225885188,Afternoon Run,2021-01-08T16:45:50Z,Run,5.8,5,3,0,0,1.933,1.5,77.6,79.0,56.0
780,4590203651,Afternoon Run,2021-01-08T15:56:29Z,Run,4086.0,1701,1419,67.0,16,2.879,4.6,129.3,170.0,83.8
781,4494170947,Morning Run,2020-12-20T08:16:19Z,Run,8218.4,2748,2701,49.3,18,3.043,5.2,0,0,0
782,4483503752,Zoomy,2020-12-17T15:03:26Z,Run,5044.1,1255,1255,15.5,19,4.019,5.5,0,0,0
783,4458656278,Afternoon Run,2020-12-11T15:19:53Z,Run,7049.8,2018,1892,25.0,18,3.726,10.0,0,0,0
784,4428577521,Afternoon Run,2020-12-04T13:18:17Z,Run,3574.8,2893,1459,17.5,9,2.45,4.8,0,0,0
785,4411121592,Morning Run,2020-11-30T09:12:52Z,Run,14025.3,4078,4055,94.4,20,3.459,6.2,0,0,0
786,4387513644,Morning Run,2020-11-25T07:34:04Z,Run,8076.6,2953,2773,89.2,18,2.913,5.7,0,0,0
787,4374889299,People and puddle dodging,2020-11-22T12:15:58Z,Run,16024.3,4817,4770,89.7,29,3.359,8.8,0,0,0
788,4354324591,With hol,2020-11-18T07:32:52Z,Run,9394.5,3385,3276,82.5,16,2.868,5.3,0,0,0
789,4345463835,Little break,2020-11-16T10:46:30Z,Run,4207.5,1369,1366,61.9,17,3.08,5.9,0,0,0
790,4334520913,Disappointing,2020-11-14T07:31:35Z,Run,8333.1,2780,2753,81.4,20,3.027,5.4,0,0,0
791,4327617217,60min Riders Choice,2020-11-12T15:02:42Z,VirtualRide,35712.8,3632,3614,53.0,7,9.882,12.0,144.0,155.0,75.2
792,4321524014,Love autumn,2020-11-11T09:40:15Z,Run,14122.4,4560,4452,200.4,24,3.172,5.2,0,0,0
793,4301681549,1k warm up then 5k pb!!,2020-11-07T12:52:25Z,Run,6073.9,1642,1638,7.6,24,3.708,6.8,0,0,0
794,4290752832,Lockdown turbo,2020-11-05T17:00:52Z,VirtualRide,28831.7,3627,3627,459.0,11,7.949,19.5,135.7,155.0,71.4
795,4284446940,Water session substitute,2020-11-04T10:38:14Z,Run,13084.3,4227,4157,140.5,12,3.148,7.6,0,0,0
796,4272412061,Rainy all the time,2020-11-01T15:40:39Z,Run,7729.2,2542,2525,116.4,11,3.061,5.0,0,0,0
797,4263281020,8 x 600m (ish),2020-10-30T17:55:44Z,Run,5653.0,2288,1442,0.0,6,3.92,6.2,0,0,0
798,4258586853,Freedom!!,2020-10-29T13:29:09Z,Run,10695.9,3769,3589,96.7,13,2.98,6.6,0,0,0
799,4246458529,Afternoon Run,2020-10-26T15:49:24Z,Run,8053.7,2571,2378,70.4,0,3.387,7.2,0,0,0
800,4238222834,Watopia,2020-10-24T17:45:43Z,VirtualRide,35531.8,3659,3616,53.0,8,9.826,12.4,151.0,165.0,78.1
801,4233735100,Evening Run,2020-10-23T18:29:23Z,Run,6147.1,1941,1932,68.4,0,3.182,4.8,0,0,0
802,4229267283,60min Riders Choice,2020-10-22T16:32:22Z,VirtualRide,36383.6,3630,3630,56.0,7,10.023,12.7,147.6,158.0,79.3
803,4220974608,Zwift Academy Road: Workout 1 | Aerobic Power,2020-10-20T17:26:48Z,VirtualRide,20906.4,3611,3611,608.0,6,5.79,24.6,149.1,180.0,86.2
804,4212512872,60min Riders Choice,2020-10-18T16:00:09Z,VirtualRide,35448.4,3619,3619,53.0,6,9.795,11.9,145.4,160.0,69.1
805,4207089067,FTP Test,2020-10-17T15:15:33Z,VirtualRide,34537.7,4431,4392,379.0,5,7.864,21.8,146.9,187.0,71.8
806,4203020771,60min Riders Choice,2020-10-16T16:56:04Z,VirtualRide,32692.3,3622,3622,276.0,4,9.026,22.0,151.0,161.0,66.9
807,4194097210,Afternoon Run,2020-10-14T15:19:25Z,Run,4796.8,1549,1433,91.9,0,3.347,4.9,0,0,0
808,4193542142,Lunch Ride,2020-10-14T11:45:30Z,VirtualRide,34480.9,3621,3621,190.0,3,9.522,13.7,147.4,161.0,67.4
809,4182471744,Pleasant evening,2020-10-11T17:39:07Z,Run,13119.0,4437,4203,142.0,15,3.121,4.9,0,0,0
810,4172830929,5x800m (2-3 min rest),2020-10-09T18:38:33Z,Run,4075.9,1568,989,8.8,7,4.121,6.2,0,0,0
811,4134198838,Evening Run,2020-09-30T18:52:43Z,Run,16142.7,5316,5208,89.4,8,3.1,8.4,0,0,0
812,4124734986,Evening Run,2020-09-28T18:36:34Z,Run,7450.8,2365,2363,91.8,9,3.153,4.5,0,0,0
813,4113576012,Old favourite,2020-09-26T11:01:40Z,Run,8128.8,2397,2350,54.7,15,3.459,5.4,0,0,0
814,4101563127,Afternoon Run,2020-09-23T14:12:39Z,Run,8147.2,2871,2799,110.6,9,2.911,4.5,0,0,0
815,4089261821,üß°Bristolüß°,2020-09-20T18:24:32Z,Run,13152.4,4282,4232,142.4,18,3.108,5.2,0,0,0
816,4074313835,Finally sub 50!,2020-09-17T18:28:47Z,Run,10153.3,2991,2977,52.4,13,3.411,4.8,0,0,0
817,4060055950,Dark,2020-09-14T19:46:34Z,Run,8529.1,2836,2748,85.4,15,3.104,4.8,0,0,0
818,4047305047,Fuelled by cookie for breakfast,2020-09-12T09:56:30Z,Run,8596.5,2773,2551,86.7,12,3.37,6.5,0,0,0
819,4035508448,Tow path,2020-09-09T16:15:12Z,Run,16225.2,6331,5400,167.7,15,3.005,9.0,0,0,0
820,4015149215,Afternoon Run,2020-09-05T13:14:57Z,Run,9540.5,3529,3129,131.9,10,3.049,5.3,0,0,0
821,3997412116,Testing new trainers,2020-09-01T18:37:19Z,Run,11715.9,4024,3776,167.5,19,3.103,5.5,0,0,0
822,3972206173,Morning Run,2020-08-27T09:31:21Z,Run,14811.7,4812,4785,16.8,16,3.095,5.8,0,0,0
823,3964496751,Strong winds heavy legs,2020-08-25T17:21:51Z,Run,8464.0,2916,2869,72.4,12,2.95,4.6,0,0,0
824,3956386614,Evening runs are the best!!!,2020-08-23T19:39:09Z,Run,9995.6,3065,3048,51.8,21,3.279,6.1,0,0,0
825,3934466048,6x1k,2020-08-19T07:33:35Z,Run,6393.1,3004,1926,21.6,15,3.319,5.6,0,0,0
826,3925049066,Getting back on it,2020-08-17T09:08:11Z,Run,7119.4,2349,2322,13.5,17,3.066,5.8,0,0,0
827,3880734266,First light,2020-08-08T06:00:27Z,Run,10751.5,3856,3668,132.6,18,2.931,4.2,0,0,0
828,3871565208,Morning Run,2020-08-06T07:24:08Z,Run,8890.2,2926,2892,94.9,12,3.074,6.8,0,0,0
829,3863881163,To Meg√®ve,2020-08-04T18:13:25Z,Run,8086.7,2619,2586,97.8,15,3.127,4.3,0,0,0
830,3854780743,Running in a rain cloud,2020-08-02T18:39:03Z,Run,7025.4,2396,2308,84.7,21,3.044,4.4,0,0,0
831,3813390761,Morning run,2020-07-26T07:26:47Z,Run,5222.7,1983,1809,142.1,18,2.887,4.6,0,0,0
832,3804514168,Steady,2020-07-23T11:28:50Z,Run,11056.1,3653,3605,17.0,14,3.067,4.6,0,0,0
833,3782198896,A bit grey,2020-07-18T20:24:32Z,Run,7278.0,2620,2186,77.5,19,3.329,4.9,0,0,0
834,3770498629,Sunnier than anticipated,2020-07-16T12:57:02Z,Run,6003.8,1910,1881,10.0,18,3.192,4.9,0,0,0
835,3761610486,The best route ever,2020-07-14T16:37:30Z,Run,7001.6,2228,2194,14.1,25,3.191,5.2,0,0,0
836,3735386167,Humid,2020-07-09T09:18:14Z,Run,7731.7,2533,2468,15.7,14,3.133,4.6,0,0,0
837,3726656740,Afternoon Run,2020-07-07T13:41:32Z,Run,6963.9,2374,2276,13.0,13,3.06,4.3,0,0,0
838,3704376246,Very nice,2020-07-02T19:49:52Z,Run,7393.6,2456,2348,69.3,20,3.149,6.3,0,0,0
839,3691833580,Steady,2020-06-30T10:09:52Z,Run,6358.3,2143,2114,26.1,16,3.008,4.4,0,0,0
840,3683761603,Harbourside,2020-06-28T14:19:07Z,Run,7192.4,2536,2442,73.7,18,2.945,5.7,0,0,0
841,3672845872,Finally on the downs,2020-06-26T09:32:29Z,Run,5020.5,1728,1681,19.9,18,2.987,4.3,0,0,0
842,3627824114,UT2,2020-06-17T09:37:42Z,Ride,31700.0,3600,3600,0,9,8.806,0,0,0,0
843,3623850271,UT2,2020-06-16T15:01:49Z,Ride,32200.0,3600,3600,0,11,8.944,0,0,0,0
844,3615098361,Evening Run,2020-06-14T18:12:00Z,Run,6033.6,1769,1766,14.9,18,3.417,5.8,0,0,0
845,3608872249,UT2,2020-06-13T15:55:39Z,Ride,50300.0,5400,5400,0,13,9.315,0,0,0,0
846,3603927507,15x1‚Äô,2020-06-12T18:12:16Z,Ride,20000.0,2580,2580,0,15,7.752,0,0,0,0
847,3598787447,Afternoon Run,2020-06-11T17:44:38Z,Run,3523.4,1033,1024,10.1,13,3.441,7.5,0,0,0
848,3598801507,UT2,2020-06-11T16:07:00Z,Ride,50100.0,5400,5400,0,9,9.278,0,0,0,0
849,3593663379,UT2,2020-06-10T16:32:14Z,Ride,31600.0,3600,3600,0,14,8.778,0,0,0,0
850,3589316391,30‚Äô sprint,2020-06-09T18:53:02Z,Ride,18300.0,1800,1800,0,18,10.167,0,0,0,0
851,3583225177,Short and sweet,2020-06-08T16:51:18Z,Run,3482.2,1041,1041,10.3,15,3.345,5.6,0,0,0
852,3583231227,UT2,2020-06-08T15:45:51Z,Ride,32200.0,3600,3600,0,12,8.944,0,0,0,0
853,3579585910,UT2,2020-06-07T17:42:27Z,Ride,60000.0,6491,6491,0,16,9.244,0,0,0,0
854,3568585942,15x1‚Äô,2020-06-05T18:30:19Z,Ride,20000.0,2580,2580,0,14,7.752,0,0,0,0
855,3564147714,UT2,2020-06-04T17:48:01Z,Ride,49600.0,5400,5400,0,13,9.185,0,0,0,0
856,3559407569,UT2,2020-06-03T17:55:27Z,Ride,55300.0,6000,6000,0,12,9.217,0,0,0,0
857,3551418999,30‚Äô sprint,2020-06-02T09:53:12Z,Ride,17800.0,1800,1800,0,14,9.889,0,0,0,0
858,3543360625,Evening Run,2020-05-31T18:02:34Z,Run,7875.9,2739,2624,31.7,19,3.001,4.6,0,0,0
859,3537200068,15x1‚Äô,2020-05-30T17:21:23Z,Ride,20000.0,2580,2580,0,16,7.752,0,0,0,0
860,3531846326,UT2,2020-05-29T17:36:45Z,Ride,49000.0,5400,5400,0,16,9.074,0,0,0,0
861,3526800985,UT2,2020-05-28T17:39:58Z,Ride,48100.0,5400,5400,0,11,8.907,0,0,0,0
862,3518843043,UT2,2020-05-27T08:38:32Z,Ride,45800.0,5400,5400,0,16,8.481,0,0,0,0
863,3514897032,30‚Äô sprint,2020-05-26T16:16:06Z,Ride,17400.0,1800,1800,0,15,9.667,0,0,0,0
864,3507758554,Botley loop,2020-05-25T08:46:19Z,Run,6395.4,2083,2079,44.4,19,3.076,4.3,0,0,0
865,3505821364,UT2,2020-05-24T18:06:54Z,Ride,47500.0,5400,5400,0,15,8.796,0,0,0,0
866,3494676015,Evening Run,2020-05-22T18:41:19Z,Run,7071.6,2368,2316,37.9,20,3.053,4.9,0,0,0
867,3484005555,UT2,2020-05-20T18:57:33Z,Ride,23000.0,2700,2700,0,15,8.519,0,0,0,0
868,3478139504,Evening Run,2020-05-19T18:22:33Z,Run,4421.5,1630,1587,24.1,18,2.786,4.6,0,0,0
869,3419328294,Chess valley walk,2020-05-08T13:07:18Z,Run,16429.6,12568,12049,123.6,20,1.364,3.3,0,0,0
870,3403150911,UT2,2020-05-05T17:13:22Z,Ride,47800.0,5400,5400,0,12,8.852,0,0,0,0
871,3398058919,Evening Run,2020-05-04T18:16:50Z,Run,12380.8,4396,4224,116.8,22,2.931,5.5,0,0,0
872,3392133566,15x(1 on 2 easy),2020-05-03T16:08:55Z,Ride,20000.0,2580,2580,0,12,7.752,0,0,0,0
873,3384303851,UT2,2020-05-02T10:32:23Z,Ride,47400.0,5400,5400,0,18,8.778,0,0,0,0
874,3381128896,"3x2k, 2 mins rest",2020-05-01T17:55:57Z,Run,6900.4,2468,2008,21.5,19,3.436,5.0,0,0,0
875,3374109292,Not feeling it,2020-04-30T08:32:18Z,Run,7326.9,2509,2455,43.7,22,2.984,4.7,0,0,0
876,3371449942,UT2,2020-04-29T16:35:31Z,Ride,39500.0,4500,4500,0,14,8.778,0,0,0,0
877,3362687435,Exploring routes,2020-04-27T18:18:14Z,Run,10174.9,3963,3696,95.3,30,2.753,4.7,0,0,0
878,3347046390,Hard work,2020-04-24T18:05:04Z,Run,10016.1,3123,3103,22.9,24,3.228,5.0,0,0,0
879,3332651261,Nice jog,2020-04-21T18:05:35Z,Run,11101.0,5041,5039,84.5,23,2.203,4.9,0,0,0
880,3322742750,Sunny,2020-04-19T17:01:35Z,Run,10010.8,3157,3143,43.6,24,3.185,5.2,0,0,0
881,3308601637,Chesham,2020-04-16T18:27:58Z,Run,10460.5,3673,3639,87.8,23,2.875,4.7,0,0,0
882,3296576552,Morning Run,2020-04-14T09:00:27Z,Run,5000.8,1481,1473,14.7,23,3.395,5.6,0,0,0
883,3290457650,Rare sibling run,2020-04-12T18:03:02Z,Run,6360.3,2510,2396,32.9,21,2.655,3.9,0,0,0
884,3280907519,A proper 10k,2020-04-10T17:35:16Z,Run,10007.0,3296,3160,53.7,22,3.167,5.0,0,0,0
885,3272207016,I like this tree,2020-04-08T17:52:14Z,Run,8552.3,2937,2820,62.9,26,3.033,4.8,0,0,0
886,3263312813,Happy monday,2020-04-06T17:31:29Z,Run,10001.4,3543,3510,64.8,17,2.849,5.7,0,0,0
887,3250119790,Big fat no,2020-04-03T16:02:22Z,Run,5072.9,1485,1480,23.0,18,3.428,5.0,0,0,0
888,3235016089,Afternoon Run,2020-03-30T15:17:51Z,Run,15207.8,5125,5081,105.4,17,2.993,5.1,0,0,0
889,3228663657,5k benchmark,2020-03-28T17:45:27Z,Run,5093.3,1499,1490,22.3,18,3.418,5.7,0,0,0
890,3221041910,#goldenhour,2020-03-26T17:27:26Z,Run,5463.9,1871,1856,39.8,16,2.944,4.8,0,0,0
891,3214047498,Aimless,2020-03-24T17:25:13Z,Run,12884.0,4271,4234,83.0,17,3.043,6.9,0,0,0
892,3207930393,Afternoon Run,2020-03-22T17:18:42Z,Run,7012.4,2232,2222,19.6,11,3.156,5.4,0,0,0
